Name,Name 2,2008 Wreck ID,Latitude,Longitude,Geo Q,Start Date,End Date,Date Q,Depth,Depth Q,Year Found,Year Found Q,Cargo 1,Type 1,Cargo 2,Type 2,Cargo 3,Type 3,Other Cargo,Gear,Estimated Capacity,Comments,Length,Width,Size estimate Q,Parker reference,Bibliography and notes,amph detail,Amph Name,Origin,Contents,Classifications,North Africa,Crete,Cyprus,North West Europe,Western Asia Minor,Portugal,Greek Islands,Western Mediterranean,Eastern Mediterranean,Greece,Egypt,The Aegean,Jordan,Morocco,Libya,The Levant,Germany,France,Tunisia,The Balkans,Palestine,Spain,Italy,Defrutum,Fruit,Fish Sauce,Wine,Alum,Figs,Olive Oil,Unknown,Fish-based products,Olives
Agde 5,,6,43.25,3.46666666666667,,75,125,,,,,,amphoras,Dr20,metal,copper ingot,,,,,,,20,14,,12,,Dressel20,Dressel20,"['', 'North West Europe', 'Spain', 'Western Mediterranean']",['Olive Oil'],"['Beltrán5', 'Callender2', 'Globular amphora', 'Ostia1', 'Peacock & Williams25']",0,0,0,1,0,0,0,1,0,0,0,0,0,0,0,0,0,0,0,0,0,1,0,0,0,0,0,0,0,1,0,0,0
Ametlla de Mar 3,,22,40.8833333333333,0.8,ca,1,300,,,,,,amphoras,Dr20,,,,,,,,,,,,38,,Dressel20,Dressel20,"['', 'North West Europe', 'Spain', 'Western Mediterranean']",['Olive Oil'],"['Beltrán5', 'Callender2', 'Globular amphora', 'Ostia1', 'Peacock & Williams25']",0,0,0,1,0,0,0,1,0,0,0,0,0,0,0,0,0,0,0,0,0,1,0,0,0,0,0,0,0,1,0,0,0
Bacoli 2,,57,40.7833333333333,14.0833333333333,,100,200,?,32,,,,amphoras,Dr20?,,,,,,,,,,,,74,,Dressel20?,Dressel20,"['', 'North West Europe', 'Spain', 'Western Mediterranean']",['Olive Oil'],"['Beltrán5', 'Callender2', 'Globular amphora', 'Ostia1', 'Peacock & Williams25']",0,0,0,1,0,0,0,1,0,0,0,0,0,0,0,0,0,0,0,0,0,1,0,0,0,0,0,0,0,1,0,0,0
Bagaud 3,,59,43.0166666666667,6.36666666666667,,75,200,,19,,,,amphoras,Gaulish; Dr20,,,,,,,,,,,,78,,Gaulish; Dressel20,Dressel20,"['', 'North West Europe', 'Spain', 'Western Mediterranean']",['Olive Oil'],"['Beltrán5', 'Callender2', 'Globular amphora', 'Ostia1', 'Peacock & Williams25']",0,0,0,1,0,0,0,1,0,0,0,0,0,0,0,0,0,0,0,0,0,1,0,0,0,0,0,0,0,1,0,0,0
Baie de l'Amitié,,61,43.2666666666667,3.46666666666667,,50,100,ca,3,two to four,,,amphoras,"Dr20, 7/11, Pascual 1",metal,lead ingots,ceramic,"coarse cooking pots, Italian and South Gaulish terra sigillata, balsamarium","straw packing material, cages of vegetable fiber",,,remains of the hull; use of plane (platanus) wood and pollen in hull pitch show ship was built and fitted in eastern Mediterranean,9.5,4,remains,80,"S.D. Muller, 2004, 343-349; S.D. Muller 2005, 153.","Dressel20, 7/11, Pascual 1",Dressel20,"['', 'North West Europe', 'Spain', 'Western Mediterranean']",['Olive Oil'],"['Beltrán5', 'Callender2', 'Globular amphora', 'Ostia1', 'Peacock & Williams25']",0,0,0,1,0,0,0,1,0,0,0,0,0,0,0,0,0,0,0,0,0,1,0,0,0,0,0,0,0,1,0,0,0
Boulouris,,82,43.4,6.81666666666667,,1,250,?,,shallow,,,amphoras,Dr20A terracotta stoppers,,,,,,,,,,,,110,,Dressel20A terracotta stoppers,Dressel20,"['', 'North West Europe', 'Spain', 'Western Mediterranean']",['Olive Oil'],"['Beltrán5', 'Callender2', 'Globular amphora', 'Ostia1', 'Peacock & Williams25']",0,0,0,1,0,0,0,1,0,0,0,0,0,0,0,0,0,0,0,0,0,1,0,0,0,0,0,0,0,1,0,0,0
Cádiz 3,'Pecio del Clavo',101,36.5166666666667,-6.33333333333333,,1,250,ca / ?,14,,,,amphoras,Dr20,dolia,,metal,copper nail,,,,,,,,130,,Dressel20,Dressel20,"['', 'North West Europe', 'Spain', 'Western Mediterranean']",['Olive Oil'],"['Beltrán5', 'Callender2', 'Globular amphora', 'Ostia1', 'Peacock & Williams25']",0,0,0,1,0,0,0,1,0,0,0,0,0,0,0,0,0,0,0,0,0,1,0,0,0,0,0,0,0,1,0,0,0
Cala Cupa,,111,42.3666666666667,10.9166666666667,,75,125,?,18,,,,amphoras,Dr20 G4; Tripolitana1,ceramic,terra sigillata chiara jug,,,,,,,,,,143,,Dressel20 G4; Tripolitana1,Dressel20,"['', 'North West Europe', 'Spain', 'Western Mediterranean']",['Olive Oil'],"['Beltrán5', 'Callender2', 'Globular amphora', 'Ostia1', 'Peacock & Williams25']",0,0,0,1,0,0,0,1,0,0,0,0,0,0,0,0,0,0,0,0,0,1,0,0,0,0,0,0,0,1,0,0,0
Cap Leucate 1,,144,42.9166666666667,3.06666666666667,,1,275,ca / ?,,,,,amphoras,Dr20,,,,,,,,,,,,192,,Dressel20,Dressel20,"['', 'North West Europe', 'Spain', 'Western Mediterranean']",['Olive Oil'],"['Beltrán5', 'Callender2', 'Globular amphora', 'Ostia1', 'Peacock & Williams25']",0,0,0,1,0,0,0,1,0,0,0,0,0,0,0,0,0,0,0,0,0,1,0,0,0,0,0,0,0,1,0,0,0
Capo Graziano 3,,174,38.55,14.5833333333333,,1,10,ca / ?,44,,,,amphoras,Dr20 Dr7 Dr2-4 horn-handled,,,,,,lead anchor stock,,100 m from coast,,,,235,,Dressel20 Dressel7 Dressel2-4 horn-handled,Dressel20,"['', 'North West Europe', 'Spain', 'Western Mediterranean']",['Olive Oil'],"['Beltrán5', 'Callender2', 'Globular amphora', 'Ostia1', 'Peacock & Williams25']",0,0,0,1,0,0,0,1,0,0,0,0,0,0,0,0,0,0,0,0,0,1,0,0,0,0,0,0,0,1,0,0,0
Caprera,,190,41.2333333333333,9.45,,100,200,?,,,,,amphoras,Dr20,,,,,,,,,,,,266,,Dressel20,Dressel20,"['', 'North West Europe', 'Spain', 'Western Mediterranean']",['Olive Oil'],"['Beltrán5', 'Callender2', 'Globular amphora', 'Ostia1', 'Peacock & Williams25']",0,0,0,1,0,0,0,1,0,0,0,0,0,0,0,0,0,0,0,0,0,1,0,0,0,0,0,0,0,1,0,0,0
Carro 3,,192,43.3166666666667,5.03333333333333,,1,275,ca,,,,,amphoras,Dr20,,,,,,,,,,,,270,,Dressel20,Dressel20,"['', 'North West Europe', 'Spain', 'Western Mediterranean']",['Olive Oil'],"['Beltrán5', 'Callender2', 'Globular amphora', 'Ostia1', 'Peacock & Williams25']",0,0,0,1,0,0,0,1,0,0,0,0,0,0,0,0,0,0,0,0,0,1,0,0,0,0,0,0,0,1,0,0,0
Chia,,213,38.9,8.9,ca,200,275,ca / ?,44,,,,amphoras,Dr20,,,,,,,,,,,,300,,Dressel20,Dressel20,"['', 'North West Europe', 'Spain', 'Western Mediterranean']",['Olive Oil'],"['Beltrán5', 'Callender2', 'Globular amphora', 'Ostia1', 'Peacock & Williams25']",0,0,0,1,0,0,0,1,0,0,0,0,0,0,0,0,0,0,0,0,0,1,0,0,0,0,0,0,0,1,0,0,0
Cueva del Jarro 2,,241,36.7166666666667,-3.71666666666667,,50,100,ca / ?,30,,,,amphoras,Dr20 Beltran2B,metal,bronze Roman cuirass,,,,,,,,,,343,,Dressel20 Beltrán2B,Dressel20,"['', 'North West Europe', 'Spain', 'Western Mediterranean']",['Olive Oil'],"['Beltrán5', 'Callender2', 'Globular amphora', 'Ostia1', 'Peacock & Williams25']",0,0,0,1,0,0,0,1,0,0,0,0,0,0,0,0,0,0,0,0,0,1,0,0,0,0,0,0,0,1,0,0,0
Culip 4,,244,42.3166666666667,3.28333333333333,,70,80,ca,7,,,,amphoras,Dr20,ceramic,"fine-wall cups and beakers, lamps",ceramic,South Gaulish terra sigillata plain and decorated vessels (Drag37 & 29),"amphoras, cooking pottery, two mortaria, five tiles, two lamps, glass unguentarium, three bronze rings, pottery bead or spindle whorl, stone tablets, glass and stone counters. lead fishing weights","lead ring, nail-lifter or drove, signal horn amphoras, cooking pottery, two mortaria, five tiles, two lamps, glass unguentarium, three bronze rings, pottery bead or spindle whorl, stone tablets, glass and stone counters. lead fishing weights",,"small fragments of hull, frames and planking, nails, pump",10,3,,347,,Dressel20,Dressel20,"['', 'North West Europe', 'Spain', 'Western Mediterranean']",['Olive Oil'],"['Beltrán5', 'Callender2', 'Globular amphora', 'Ostia1', 'Peacock & Williams25']",0,0,0,1,0,0,0,1,0,0,0,0,0,0,0,0,0,0,0,0,0,1,0,0,0,0,0,0,0,1,0,0,0
Denia 1,,256,38,0,,150,225,ca,400,,,,amphoras,Dr20,,,,,,,,,,,,358,,Dressel20,Dressel20,"['', 'North West Europe', 'Spain', 'Western Mediterranean']",['Olive Oil'],"['Beltrán5', 'Callender2', 'Globular amphora', 'Ostia1', 'Peacock & Williams25']",0,0,0,1,0,0,0,1,0,0,0,0,0,0,0,0,0,0,0,0,0,1,0,0,0,0,0,0,0,1,0,0,0
Dunas del Pinatar,,286,37.8,-0.75,?,1,250,ca / ?,,,,,amphoras,Dr20,,,,,,,,,,,,380,,Dressel20,Dressel20,"['', 'North West Europe', 'Spain', 'Western Mediterranean']",['Olive Oil'],"['Beltrán5', 'Callender2', 'Globular amphora', 'Ostia1', 'Peacock & Williams25']",0,0,0,1,0,0,0,1,0,0,0,0,0,0,0,0,0,0,0,0,0,1,0,0,0,0,0,0,0,1,0,0,0
"Garoupe 3, La",,330,43.5666666666667,7.13333333333333,,140,200,ca,,shallow,,,amphoras,Dr20,,,,,,,,,,,,438,,Dressel20,Dressel20,"['', 'North West Europe', 'Spain', 'Western Mediterranean']",['Olive Oil'],"['Beltrán5', 'Callender2', 'Globular amphora', 'Ostia1', 'Peacock & Williams25']",0,0,0,1,0,0,0,1,0,0,0,0,0,0,0,0,0,0,0,0,0,1,0,0,0,0,0,0,0,1,0,0,0
Jarre,,399,43.2,5.33333333333333,,10,50,ca / ?,54,,,,amphoras,Dr20,,,,,,,,,,,,529,,Dressel20,Dressel20,"['', 'North West Europe', 'Spain', 'Western Mediterranean']",['Olive Oil'],"['Beltrán5', 'Callender2', 'Globular amphora', 'Ostia1', 'Peacock & Williams25']",0,0,0,1,0,0,0,1,0,0,0,0,0,0,0,0,0,0,0,0,0,1,0,0,0,0,0,0,0,1,0,0,0
Lavezzi 2,,436,41.3333333333333,9.25,,40,50,ca,19,,,,amphoras,Dr7-11 Dr9 Dr20,ceramic,S. Gaulish terra sigillata,metal,"small bronze cylinder with antimony, little bronze bell, two glass bowls, lead or tin ingot",,,,partially-preserved hull,,,,585,,Dressel7-11 Dressel9 Dressel20,Dressel20,"['', 'North West Europe', 'Spain', 'Western Mediterranean']",['Olive Oil'],"['Beltrán5', 'Callender2', 'Globular amphora', 'Ostia1', 'Peacock & Williams25']",0,0,0,1,0,0,0,1,0,0,0,0,0,0,0,0,0,0,0,0,0,1,0,0,0,0,0,0,0,1,0,0,0
Lavezzi 4,,438,41.3333333333333,9.25,,100,150,ca / ?,15,,,,amphoras,Dr20 Dr14 Beltran2B,,,,,,,,,,,,587,,Dressel20 Dressel14 Beltrán2B,Dressel20,"['', 'North West Europe', 'Spain', 'Western Mediterranean']",['Olive Oil'],"['Beltrán5', 'Callender2', 'Globular amphora', 'Ostia1', 'Peacock & Williams25']",0,0,0,1,0,0,0,1,0,0,0,0,0,0,0,0,0,0,0,0,0,1,0,0,0,0,0,0,0,1,0,0,0
Lazzaretto,,444,40.5833333333333,8.25,,320,320,ca,2,,,,amphoras,cylindrical Afr2D Almagro50 Almagro51C Dr20 Dr30,coins,moneybag with follis of Licinius,ceramic,mold,,,,hull timbers,,,,594,,cylindrical Africana2D Almagro50 Almagro51C Dressel20 Dressel30,Dressel20,"['', 'North West Europe', 'Spain', 'Western Mediterranean']",['Olive Oil'],"['Beltrán5', 'Callender2', 'Globular amphora', 'Ostia1', 'Peacock & Williams25']",0,0,0,1,0,0,0,1,0,0,0,0,0,0,0,0,0,0,0,0,0,1,0,0,0,0,0,0,0,1,0,0,0
Maire 2,,476,43.2,5.31666666666667,,100,125,?,40,,,,amphoras,Dr20,,,,,,,,,,,,632,,Dressel20,Dressel20,"['', 'North West Europe', 'Spain', 'Western Mediterranean']",['Olive Oil'],"['Beltrán5', 'Callender2', 'Globular amphora', 'Ostia1', 'Peacock & Williams25']",0,0,0,1,0,0,0,1,0,0,0,0,0,0,0,0,0,0,0,0,0,1,0,0,0,0,0,0,0,1,0,0,0
Majorca,,477,39.8333333333333,3.66666666666667,,100,200,,,,,,amphoras,Dr20,,,,,,,,,,,,635,,Dressel20,Dressel20,"['', 'North West Europe', 'Spain', 'Western Mediterranean']",['Olive Oil'],"['Beltrán5', 'Callender2', 'Globular amphora', 'Ostia1', 'Peacock & Williams25']",0,0,0,1,0,0,0,1,0,0,0,0,0,0,0,0,0,0,0,0,0,1,0,0,0,0,0,0,0,1,0,0,0
Maratea 2,,486,39.95,15.7333333333333,,25,260,ca / ?,,shallow,,,amphoras,Dr20,,,,,,,,,,,,648,,Dressel20,Dressel20,"['', 'North West Europe', 'Spain', 'Western Mediterranean']",['Olive Oil'],"['Beltrán5', 'Callender2', 'Globular amphora', 'Ostia1', 'Peacock & Williams25']",0,0,0,1,0,0,0,1,0,0,0,0,0,0,0,0,0,0,0,0,0,1,0,0,0,0,0,0,0,1,0,0,0
Marseillan-Plage 2,,496,43.3,3.55,,50,100,ca / ?,,,,,amphoras,Dr20,metal,lead and copper ingots,,,,,,,,,,667,,Dressel20,Dressel20,"['', 'North West Europe', 'Spain', 'Western Mediterranean']",['Olive Oil'],"['Beltrán5', 'Callender2', 'Globular amphora', 'Ostia1', 'Peacock & Williams25']",0,0,0,1,0,0,0,1,0,0,0,0,0,0,0,0,0,0,0,0,0,1,0,0,0,0,0,0,0,1,0,0,0
"Negres, Les",,549,41.9666666666667,3.23333333333333,,150,150,ca,25,,,,amphoras,Beltran2B Dr20,,,,,,,,,,,,731,,Beltrán2B Dressel20,Dressel20,"['', 'North West Europe', 'Spain', 'Western Mediterranean']",['Olive Oil'],"['Beltrán5', 'Callender2', 'Globular amphora', 'Ostia1', 'Peacock & Williams25']",0,0,0,1,0,0,0,1,0,0,0,0,0,0,0,0,0,0,0,0,0,1,0,0,0,0,0,0,0,1,0,0,0
Oscellucia,,597,42.5666666666667,8.71666666666667,,20,50,ca,17,,,,amphoras,Dr20,,,,,,,,,,,,766,,Dressel20,Dressel20,"['', 'North West Europe', 'Spain', 'Western Mediterranean']",['Olive Oil'],"['Beltrán5', 'Callender2', 'Globular amphora', 'Ostia1', 'Peacock & Williams25']",0,0,0,1,0,0,0,1,0,0,0,0,0,0,0,0,0,0,0,0,0,1,0,0,0,0,0,0,0,1,0,0,0
"Pedagne, Le (Italy)",,623,40.6561,17.9927,,0,0,,,,,,amphoras,Dr1 Dr20,,,,,,,,"At the mouth of the port of Brindisi. It's likely that there is more evidence. Area was militarized until the late 90s, so no excavations possible until then.",,,,794,,Dressel1 Dressel20,Dressel20,"['', 'North West Europe', 'Spain', 'Western Mediterranean']",['Olive Oil'],"['Beltrán5', 'Callender2', 'Globular amphora', 'Ostia1', 'Peacock & Williams25']",0,0,0,1,0,0,0,1,0,0,0,0,0,0,0,0,0,0,0,0,0,1,0,0,0,0,0,0,0,1,0,0,0
Piedra Negra,,636,42.3166666666667,3.31666666666667,,75,150,ca / ?,70,,,,amphoras,Dr20,,,,,,,,,,,,814,,Dressel20,Dressel20,"['', 'North West Europe', 'Spain', 'Western Mediterranean']",['Olive Oil'],"['Beltrán5', 'Callender2', 'Globular amphora', 'Ostia1', 'Peacock & Williams25']",0,0,0,1,0,0,0,1,0,0,0,0,0,0,0,0,0,0,0,0,0,1,0,0,0,0,0,0,0,1,0,0,0
Planier 2,,653,43.1833333333333,5.21666666666667,,150,150,ca,30,,,,amphoras,Dr20 Beltran2B,metal,copper ingots,,,,,,pump bearing,,,,825,,Dressel20 Beltrán2B,Dressel20,"['', 'North West Europe', 'Spain', 'Western Mediterranean']",['Olive Oil'],"['Beltrán5', 'Callender2', 'Globular amphora', 'Ostia1', 'Peacock & Williams25']",0,0,0,1,0,0,0,1,0,0,0,0,0,0,0,0,0,0,0,0,0,1,0,0,0,0,0,0,0,1,0,0,0
Pointe Debie 1,,666,43.2666666666667,5.3,,1,100,,28,,,,amphoras,"Dr7-11 Beltran2B Dr2-4 Tarraconaise, Pelichet 47 Gaulish, Dr2 Gaulish Dr20",,,,,,,,Possibly from two wrecks: Dr7-11 usually 50-60 AD and Beltran 2B 90-150 AD,,,,841,"J.M. Gassend 1978, 101-107.","Dressel7-11 Beltrán2B Dressel2-4 Tarraconaise, Pélichet 47 Gaulish, Dressel2 Gaulish Dressel20",Dressel20,"['', 'North West Europe', 'Spain', 'Western Mediterranean']",['Olive Oil'],"['Beltrán5', 'Callender2', 'Globular amphora', 'Ostia1', 'Peacock & Williams25']",0,0,0,1,0,0,0,1,0,0,0,0,0,0,0,0,0,0,0,0,0,1,0,0,0,0,0,0,0,1,0,0,0
Port-la-Nouvelle,,684,42.7166666666667,3.6,ca,1,250,ca,,deep,,,amphoras,Dr20,,,,,,,,,,,,872,,Dressel20,Dressel20,"['', 'North West Europe', 'Spain', 'Western Mediterranean']",['Olive Oil'],"['Beltrán5', 'Callender2', 'Globular amphora', 'Ostia1', 'Peacock & Williams25']",0,0,0,1,0,0,0,1,0,0,0,0,0,0,0,0,0,0,0,0,0,1,0,0,0,0,0,0,0,1,0,0,0
Punta Ala,,719,42.7833333333333,10.7333333333333,,250,250,ca / ?,2,,,,amphoras,Dr20 Afr2B-D pear-shaped,dolia,,ceramic,"terra sigillata chiara C, terra sigillata chiara D, rilled-bottom wear",,terracotta pipe,,"3/4 hull, foremast step, foot of foremast",25,,,912,,Dressel20 Africana2B-D pear-shaped,Dressel20,"['', 'North West Europe', 'Spain', 'Western Mediterranean']",['Olive Oil'],"['Beltrán5', 'Callender2', 'Globular amphora', 'Ostia1', 'Peacock & Williams25']",0,0,0,1,0,0,0,1,0,0,0,0,0,0,0,0,0,0,0,0,0,1,0,0,0,0,0,0,0,1,0,0,0
Punta de la Mona,,724,36.7166666666667,-3.71666666666667,,175,250,ca / ?,80,,,,amphoras,Dr20,,,,,,,,,,,,920,,Dressel20,Dressel20,"['', 'North West Europe', 'Spain', 'Western Mediterranean']",['Olive Oil'],"['Beltrán5', 'Callender2', 'Globular amphora', 'Ostia1', 'Peacock & Williams25']",0,0,0,1,0,0,0,1,0,0,0,0,0,0,0,0,0,0,0,0,0,1,0,0,0,0,0,0,0,1,0,0,0
"Puntas, Las",,749,36.7333333333333,-3.68333333333333,,90,140,ca,70,,,,amphoras,Dr20,,,,,,,,,,,,972,,Dressel20,Dressel20,"['', 'North West Europe', 'Spain', 'Western Mediterranean']",['Olive Oil'],"['Beltrán5', 'Callender2', 'Globular amphora', 'Ostia1', 'Peacock & Williams25']",0,0,0,1,0,0,0,1,0,0,0,0,0,0,0,0,0,0,0,0,0,1,0,0,0,0,0,0,0,1,0,0,0
"Roches d'Aurelle, Les",,767,43.45,6.93333333333333,,80,100,ca,72,,,,amphoras,"LaubenheimerG5 and G2, Dr20, Drag. 37",ceramic,"Vases - coarse pottery vessels; figured lamp, fine-wall cup, Drag37 cup",tiles,roof tiles,,,,,15,,,994,,"LaubenheimerG5 and G2, Dressel20, Dresselag. 37",Dressel20,"['', 'North West Europe', 'Spain', 'Western Mediterranean']",['Olive Oil'],"['Beltrán5', 'Callender2', 'Globular amphora', 'Ostia1', 'Peacock & Williams25']",0,0,0,1,0,0,0,1,0,0,0,0,0,0,0,0,0,0,0,0,0,1,0,0,0,0,0,0,0,1,0,0,0
Roquetas del Mar (Spain),,768,36.7668,-2.5975,ca,0,0,,,,,,amphoras,Dr14 Dr38 Dr20 Dr1,,,,,,,,Mixture of amphoras. Possibility of wreck.,,,,994,,Dressel14 Dressel38 Dressel20 Dressel1,Dressel20,"['', 'North West Europe', 'Spain', 'Western Mediterranean']",['Olive Oil'],"['Beltrán5', 'Callender2', 'Globular amphora', 'Ostia1', 'Peacock & Williams25']",0,0,0,1,0,0,0,1,0,0,0,0,0,0,0,0,0,0,0,0,0,1,0,0,0,0,0,0,0,1,0,0,0
Saint-Gervais 3,,790,43.4166666666667,4.93333333333333,,149,154,,4,,,,amphoras,Dr20 Beltran2B LaubenheimerG4,ceramic,basket with 9 unguentaria,,,,,,"hull, mast steps, pump well, garboards, keel, keelson",17,6,remains of hull,1002,"F. Mayet 1987, 289.",Dressel20 Beltrán2B LaubenheimerG4,Dressel20,"['', 'North West Europe', 'Spain', 'Western Mediterranean']",['Olive Oil'],"['Beltrán5', 'Callender2', 'Globular amphora', 'Ostia1', 'Peacock & Williams25']",0,0,0,1,0,0,0,1,0,0,0,0,0,0,0,0,0,0,0,0,0,1,0,0,0,0,0,0,0,1,0,0,0
Saint-Gervais 4,,791,43.4166666666667,4.93333333333333,,50,150,ca / ?,6,,,,amphoras,Dr20 Beltran2B,,,,,,,,side with lead sheathing,,,,1003,"F. Mayet 1987, 289.",Dressel20 Beltrán2B,Dressel20,"['', 'North West Europe', 'Spain', 'Western Mediterranean']",['Olive Oil'],"['Beltrán5', 'Callender2', 'Globular amphora', 'Ostia1', 'Peacock & Williams25']",0,0,0,1,0,0,0,1,0,0,0,0,0,0,0,0,0,0,0,0,0,1,0,0,0,0,0,0,0,1,0,0,0
Saint-Honorat,'Tourelle des Moines',792,43.5,7.05,,160,200,ca,20,,,,amphoras,Dr20,,,,,,anchor stock,,,,,,1004,,Dressel20,Dressel20,"['', 'North West Europe', 'Spain', 'Western Mediterranean']",['Olive Oil'],"['Beltrán5', 'Callender2', 'Globular amphora', 'Ostia1', 'Peacock & Williams25']",0,0,0,1,0,0,0,1,0,0,0,0,0,0,0,0,0,0,0,0,0,1,0,0,0,0,0,0,0,1,0,0,0
"Salines, Ses",Colonia de Santi Jordi A,803,39.3,3,,70,80,ca,,,,,amphoras,Dr7-11 Dr20,metal,"lead ingots, iron helmet, iron sword blad, iron bar with ring and hooks at end, bronze vessles",,,,,,"lead sheathed wood, bronze nails, keel bolt",,,,1017,,Dressel7-11 Dressel20,Dressel20,"['', 'North West Europe', 'Spain', 'Western Mediterranean']",['Olive Oil'],"['Beltrán5', 'Callender2', 'Globular amphora', 'Ostia1', 'Peacock & Williams25']",0,0,0,1,0,0,0,1,0,0,0,0,0,0,0,0,0,0,0,0,0,1,0,0,0,0,0,0,0,1,0,0,0
Salou,,804,41.0333333333333,1.16666666666667,ca,50,200,?,,,,,amphoras,Dr20,,,,,,,,,,,,1018,,Dressel20,Dressel20,"['', 'North West Europe', 'Spain', 'Western Mediterranean']",['Olive Oil'],"['Beltrán5', 'Callender2', 'Globular amphora', 'Ostia1', 'Peacock & Williams25']",0,0,0,1,0,0,0,1,0,0,0,0,0,0,0,0,0,0,0,0,0,1,0,0,0,0,0,0,0,1,0,0,0
Sardinia: other sites,,823,40.9564,9.8343,ca,200,300,,,shallow,,,amphoras,Almagro50 Afr2D Dr20 pear-shaped,,,,,,,,P1039a Symbolic coordinates. No precise location info provided. W Mediterranean hypothesized,,,,1039,,Almagro50 Africana2D Dressel20 pear-shaped,Dressel20,"['', 'North West Europe', 'Spain', 'Western Mediterranean']",['Olive Oil'],"['Beltrán5', 'Callender2', 'Globular amphora', 'Ostia1', 'Peacock & Williams25']",0,0,0,1,0,0,0,1,0,0,0,0,0,0,0,0,0,0,0,0,0,1,0,0,0,0,0,0,0,1,0,0,0
"Secanion, Le",L'epave de Secanion/Sequanion,833,43.5333333333333,7.1,,-10,40,ca,26,,,,tiles,roof tiles,amphoras,Dr20,ceramic,"mortarium, coarseware pitcher, lead lid",Sestertius of 23-17 BC,,,,,,,1059,,Dressel20,Dressel20,"['', 'North West Europe', 'Spain', 'Western Mediterranean']",['Olive Oil'],"['Beltrán5', 'Callender2', 'Globular amphora', 'Ostia1', 'Peacock & Williams25']",0,0,0,1,0,0,0,1,0,0,0,0,0,0,0,0,0,0,0,0,0,1,0,0,0,0,0,0,0,1,0,0,0
Villepey,,966,43.4,6.7,,110,160,ca / ?,,,,,amphoras,Dr20 G4,,,,,,iron anchor,,frame with nails,,,,1219,,Dressel20 G4,Dressel20,"['', 'North West Europe', 'Spain', 'Western Mediterranean']",['Olive Oil'],"['Beltrán5', 'Callender2', 'Globular amphora', 'Ostia1', 'Peacock & Williams25']",0,0,0,1,0,0,0,1,0,0,0,0,0,0,0,0,0,0,0,0,0,1,0,0,0,0,0,0,0,1,0,0,0
Bajo de la Campana 3,,64,37.7333333333333,-0.7,ca,1,300,,,,,,amphoras,"Dr7-11, Dr14, Dr20",,,,,,wood fragments,,,,,,,"J.P. Reyes 1996, 68 n17.","Dressel7-11, Dressel14, Dressel20",Dressel20,"['', 'North West Europe', 'Spain', 'Western Mediterranean']",['Olive Oil'],"['Beltrán5', 'Callender2', 'Globular amphora', 'Ostia1', 'Peacock & Williams25']",0,0,0,1,0,0,0,1,0,0,0,0,0,0,0,0,0,0,0,0,0,1,0,0,0,0,0,0,0,1,0,0,0
Isolella 1,,394,41.8333333333333,8.75,,90,110,c1 - end or c2 - beginning,32,,,,tiles,"tegulae, imbrices, without any apparent order or organization",amphoras,Dr20,,,,"concretion of nails on a tile, wood fragment with concretions",,no trace of hull found,,,,,"H. Alfonsi and P. Gandolfo 1991, 199-207; P. Pomey and L. Long 1993, 60.",Dressel20,Dressel20,"['', 'North West Europe', 'Spain', 'Western Mediterranean']",['Olive Oil'],"['Beltrán5', 'Callender2', 'Globular amphora', 'Ostia1', 'Peacock & Williams25']",0,0,0,1,0,0,0,1,0,0,0,0,0,0,0,0,0,0,0,0,0,1,0,0,0,0,0,0,0,1,0,0,0
Lérins,,445,43.5042,7.04545,,161,193,,20,,,,amphoras,"Dr20 (can be included in Pelichet's 20B), form 5 of Tchernia",,,,,,,,"W of the Tourelle des Moines, S of Saint-Honorat in bay of Cannes; stamps on amphoras show produced between 150-198 and 161-192",,,,,"A. Pollino 1976, 123-129.","Dressel20 (can be included in Pélichet's 20B), form 5 of Tchernia",Dressel20,"['', 'North West Europe', 'Spain', 'Western Mediterranean']",['Olive Oil'],"['Beltrán5', 'Callender2', 'Globular amphora', 'Ostia1', 'Peacock & Williams25']",0,0,0,1,0,0,0,1,0,0,0,0,0,0,0,0,0,0,0,0,0,1,0,0,0,0,0,0,0,1,0,0,0
Marseille 8,,502,43.3035,5.35465,ca,1,100,ca,4,,,,marble,"rough and worked, with evidence of chisels and inscriptions from quarry inspections, with consular date, sector of quarry and name of imperial curator; white marble columns",amphoras,"3 oil and 1 wine type Dressel20,  Dressel1A, and Dressel 2/4 from Catalonia and Gaul",glass,,,,,"amphora (under hull, type Dressel 1A) is terminus post quem. No precise petrological analysis for whole cargo available yet, but the most valuable colored marble is from Eastern quarries.",,,,,"H. Bernard 2000, 114-125.","3 oil and 1 wine type Dressel20,  Dressel1A, and Dressel 2/4 from Catalonia and Gaul",Dressel20,"['', 'North West Europe', 'Spain', 'Western Mediterranean']",['Olive Oil'],"['Beltrán5', 'Callender2', 'Globular amphora', 'Ostia1', 'Peacock & Williams25']",0,0,0,1,0,0,0,1,0,0,0,0,0,0,0,0,0,0,0,0,0,1,0,0,0,0,0,0,0,1,0,0,0
Sainte-Marguerite 2,,797,43.5166666666667,7.01666666666667,300m N of Isle,100,120,c2 - beginning,5,five meters or less,,,amphoras,Dr20;,lamps,"lamps round, circular reservoir, 277 well-preserved, decorated",glass,fragments,,,,dated from Clo Suc and Fabric Masc lamps,,,,,"P. Pomey and L. Long 1993, 51-53.",Dressel20;,Dressel20,"['', 'North West Europe', 'Spain', 'Western Mediterranean']",['Olive Oil'],"['Beltrán5', 'Callender2', 'Globular amphora', 'Ostia1', 'Peacock & Williams25']",0,0,0,1,0,0,0,1,0,0,0,0,0,0,0,0,0,0,0,0,0,1,0,0,0,0,0,0,0,1,0,0,0
Saintes-Maries 1,,799,43.4166666666667,4.43333333333333,,50,50,ca,16,,,,amphoras,Dr20,metal,lead ingots as produced in Britain,,,,,,"facing Saintes-Maries-de-la-Mer; date from amphoras: C1, perhaps Julio-Claudian or Flavian, perhaps Vespasian",,,,,"P. Pomey and L. Long 1993, 28-30.",Dressel20,Dressel20,"['', 'North West Europe', 'Spain', 'Western Mediterranean']",['Olive Oil'],"['Beltrán5', 'Callender2', 'Globular amphora', 'Ostia1', 'Peacock & Williams25']",0,0,0,1,0,0,0,1,0,0,0,0,0,0,0,0,0,0,0,0,0,1,0,0,0,0,0,0,0,1,0,0,0
Aigua Blava,,9,41.9333333333333,3.21666666666667,,-50,25,ca / ?,7,,,,amphoras,Pascual1 Dr37,,,,,,,,not far from coast,,,,21,,Pascual1 Dressel37,Pascual1,"['France', 'North West Europe', 'Spain', 'Western Mediterranean']",['Wine'],['Peacock & Williams6'],0,0,0,1,0,0,0,1,0,0,0,0,0,0,0,0,0,1,0,0,0,1,0,0,0,0,1,0,0,0,0,0,0
Arenys de Mar (Spain),,33,41.5666666666667,2.55,ca,0,0,,,,,,amphoras,Pascual1,,,,,,,,identity as wreck uncertain,,,,53,,Pascual1,Pascual1,"['France', 'North West Europe', 'Spain', 'Western Mediterranean']",['Wine'],['Peacock & Williams6'],0,0,0,1,0,0,0,1,0,0,0,0,0,0,0,0,0,1,0,0,0,1,0,0,0,0,1,0,0,0,0,0,0
Cala Cativa,,110,42.35,3.21666666666667,,-50,25,ca / ?,32,,,,amphoras,Pascual1,,,,,,lead anchor stock,,surviving hull; 2 km east of Port de la Selva,,,,142,,Pascual1,Pascual1,"['France', 'North West Europe', 'Spain', 'Western Mediterranean']",['Wine'],['Peacock & Williams6'],0,0,0,1,0,0,0,1,0,0,0,0,0,0,0,0,0,1,0,0,0,1,0,0,0,0,1,0,0,0,0,0,0
Cap Bear 1,,131,42.5166666666667,3.13333333333333,,-50,25,ca / ?,26,,,,amphoras,Pascual1,,,,,,,,,,,,169,,Pascual1,Pascual1,"['France', 'North West Europe', 'Spain', 'Western Mediterranean']",['Wine'],['Peacock & Williams6'],0,0,0,1,0,0,0,1,0,0,0,0,0,0,0,0,0,1,0,0,0,1,0,0,0,0,1,0,0,0,0,0,0
Cap de Creus,,140,42.3166666666667,3.31666666666667,ca,-50,25,ca / ?,20,,,,amphoras,Pascual1,,,,,,,,,,,,184,,Pascual1,Pascual1,"['France', 'North West Europe', 'Spain', 'Western Mediterranean']",['Wine'],['Peacock & Williams6'],0,0,0,1,0,0,0,1,0,0,0,0,0,0,0,0,0,1,0,0,0,1,0,0,0,0,1,0,0,0,0,0,0
Cap del Vol,,142,42.35,3.16666666666667,,-10,5,ca,24,,,,amphoras,Pascual1,ceramic,"coarseware, fine-wall jars, imitation Arretine",,,,"pump, part of anchor",,"mast-step, sternpost, planking, lead sheets, hull",19,,,186,,Pascual1,Pascual1,"['France', 'North West Europe', 'Spain', 'Western Mediterranean']",['Wine'],['Peacock & Williams6'],0,0,0,1,0,0,0,1,0,0,0,0,0,0,0,0,0,1,0,0,0,1,0,0,0,0,1,0,0,0,0,0,0
Culip 1,L'Encalladora,242,42.3166666666667,3.28333333333333,,-50,25,ca / ?,12,,,,amphoras,Pascual1,,,,,,,,,,,,345,,Pascual1,Pascual1,"['France', 'North West Europe', 'Spain', 'Western Mediterranean']",['Wine'],['Peacock & Williams6'],0,0,0,1,0,0,0,1,0,0,0,0,0,0,0,0,0,1,0,0,0,1,0,0,0,0,1,0,0,0,0,0,0
Culip 3,,243,42.3166666666667,3.28333333333333,,-50,25,ca / ?,18,,,,amphoras,Pascual1,,,,,,,,perhaps ship's hull,,,,346,,Pascual1,Pascual1,"['France', 'North West Europe', 'Spain', 'Western Mediterranean']",['Wine'],['Peacock & Williams6'],0,0,0,1,0,0,0,1,0,0,0,0,0,0,0,0,0,1,0,0,0,1,0,0,0,0,1,0,0,0,0,0,0
Freu d'en Valento,,323,41.4666666666667,2.41666666666667,,-50,25,ca / ?,42,,,,amphoras,Pascual1,,,,,,,,,,,,428,,Pascual1,Pascual1,"['France', 'North West Europe', 'Spain', 'Western Mediterranean']",['Wine'],['Peacock & Williams6'],0,0,0,1,0,0,0,1,0,0,0,0,0,0,0,0,0,1,0,0,0,1,0,0,0,0,1,0,0,0,0,0,0
"Guardis 2, Na",,363,39.3,3,,1,25,ca / ?,3,,,,amphoras,PE25 PE41 Dr2-4 Pascual1,ceramic,"S Gaulish terra sigillata bowls, fine-wall beakers, coarseware",,,oysters,ballast,,remains of hull,,,,490,,Pélichet25 Pélichet41 Dressel2-4 Pascual1,Pascual1,"['France', 'North West Europe', 'Spain', 'Western Mediterranean']",['Wine'],['Peacock & Williams6'],0,0,0,1,0,0,0,1,0,0,0,0,0,0,0,0,0,1,0,0,0,1,0,0,0,0,1,0,0,0,0,0,0
Medas 2,,514,42.0333333333333,3.21666666666667,,-50,25,ca / ?,,,,,amphoras,Pascual1,,,,,,,,,,,,685,,Pascual1,Pascual1,"['France', 'North West Europe', 'Spain', 'Western Mediterranean']",['Wine'],['Peacock & Williams6'],0,0,0,1,0,0,0,1,0,0,0,0,0,0,0,0,0,1,0,0,0,1,0,0,0,0,1,0,0,0,0,0,0
Port-Vendres 4,,703,42.5166666666667,3.1,,-50,25,ca / ?,4,,,,amphoras,Pascual1,dolia,,,,,,,,,,,877,,Pascual1,Pascual1,"['France', 'North West Europe', 'Spain', 'Western Mediterranean']",['Wine'],['Peacock & Williams6'],0,0,0,1,0,0,0,1,0,0,0,0,0,0,0,0,0,1,0,0,0,1,0,0,0,0,1,0,0,0,0,0,0
Port-Vendres 5,,704,42.5166666666667,3.1,,-50,25,ca / ?,16,,,,amphoras,"Pascual1 Dr2-4; [Oberaden 74, Dr 7/11]",tiles,fragments; roof tiles,lamps,oil lamp,,"[5 gray marble plaques, jug, 2 oil lamps, 2 parts of iron pipes, wood, cylindrical object]",,lead sheathing; Gallia informations says C1 BC,,,,878,,"Pascual1 Dressel2-4; [Oberaden 74, Dressel 7/11]",Pascual1,"['France', 'North West Europe', 'Spain', 'Western Mediterranean']",['Wine'],['Peacock & Williams6'],0,0,0,1,0,0,0,1,0,0,0,0,0,0,0,0,0,1,0,0,0,1,0,0,0,0,1,0,0,0,0,0,0
Punta Blanca,,721,42.3166666666667,3.31666666666667,ca,-50,25,ca / ?,,,,,amphoras,Pascual1,,,,,,,,,,,,914,,Pascual1,Pascual1,"['France', 'North West Europe', 'Spain', 'Western Mediterranean']",['Wine'],['Peacock & Williams6'],0,0,0,1,0,0,0,1,0,0,0,0,0,0,0,0,0,1,0,0,0,1,0,0,0,0,1,0,0,0,0,0,0
Sud-Lavezzi 3,,883,41.3166666666667,9.25,,15,25,ca / ?,38,,,,amphoras,Dr2-4 Pascual1 Dr14,,,,,,,,,,,,1119,,Dressel2-4 Pascual1 Dressel14,Pascual1,"['France', 'North West Europe', 'Spain', 'Western Mediterranean']",['Wine'],['Peacock & Williams6'],0,0,0,1,0,0,0,1,0,0,0,0,0,0,0,0,0,1,0,0,0,1,0,0,0,0,1,0,0,0,0,0,0
"Ullastres, Los",,943,41.8833333333333,3.2,,-50,25,ca,52,,,,amphoras,Pascual1,,,,,,"iron anchor, pump",,"planking, frames",18,,,1192,,Pascual1,Pascual1,"['France', 'North West Europe', 'Spain', 'Western Mediterranean']",['Wine'],['Peacock & Williams6'],0,0,0,1,0,0,0,1,0,0,0,0,0,0,0,0,0,1,0,0,0,1,0,0,0,0,1,0,0,0,0,0,0
Ain el Gazala,,10,32.15,23.3333333333333,,200,400,,,,,,amphoras,Kapitän2,,,,,,,,,,,,22,,Kapitän2,Kapitän2,"['Greek Islands', 'The Aegean', 'Western Asia Minor']",['Wine'],"['Benghazi Mid Roman Amphora7', 'Hollow Foot Amphora', 'Kuzmanov7', 'Niederbieber77', 'Ostia6', 'Peacock & Williams47', 'Zeest79']",0,0,0,0,1,0,1,0,0,0,0,1,0,0,0,0,0,0,0,0,0,0,0,0,0,0,1,0,0,0,0,0,0
Capo Granitola 1,,168,37.55,12.6666666666667,,225,275,ca,,shallow,,,marble,Proconessian marble blocks,ceramic,pottery,amphoras,Kapitän2,,iron anchor and lead stock,,150 m from shore,,,,229,,Kapitän2,Kapitän2,"['Greek Islands', 'The Aegean', 'Western Asia Minor']",['Wine'],"['Benghazi Mid Roman Amphora7', 'Hollow Foot Amphora', 'Kuzmanov7', 'Niederbieber77', 'Ostia6', 'Peacock & Williams47', 'Zeest79']",0,0,0,0,1,0,1,0,0,0,0,1,0,0,0,0,0,0,0,0,0,0,0,0,0,0,1,0,0,0,0,0,0
Lampedusa 1,,423,35.4833333333333,12.6,,300,350,ca / ?,,,,,amphoras,Afr2 pear-shaped globular Kapitän2 Riley MR4,,,,,,,,,,,,567,,Africana2 pear-shaped globular Kapitän2 Riley MR4,Kapitän2,"['Greek Islands', 'The Aegean', 'Western Asia Minor']",['Wine'],"['Benghazi Mid Roman Amphora7', 'Hollow Foot Amphora', 'Kuzmanov7', 'Niederbieber77', 'Ostia6', 'Peacock & Williams47', 'Zeest79']",0,0,0,0,1,0,1,0,0,0,0,1,0,0,0,0,0,0,0,0,0,0,0,0,0,0,1,0,0,0,0,0,0
Methone 3,,524,36.8166666666667,21.7,,200,250,ca,10,,,,marble,granite columns,amphoras,Kapitän2,glass,fragment,,,,,30,20,remains,695,,Kapitän2,Kapitän2,"['Greek Islands', 'The Aegean', 'Western Asia Minor']",['Wine'],"['Benghazi Mid Roman Amphora7', 'Hollow Foot Amphora', 'Kuzmanov7', 'Niederbieber77', 'Ostia6', 'Peacock & Williams47', 'Zeest79']",0,0,0,0,1,0,1,0,0,0,0,1,0,0,0,0,0,0,0,0,0,0,0,0,0,0,1,0,0,0,0,0,0
Ognina 1,,570,36.9666666666667,15.2666666666667,,215,230,ca,8,,,,amphoras,Afr1 Dr20 Beltran2B pear-shaped Kapitän1 Kapitän2 Almagro 50,metal,bronze statuettes,glass,glass vessels,coins dating 210-215,"lead tubing, 4 bronze pulley wheels",,"mosaic floor, columns with capitals flanking doorway",,,,755,"F. Mayet 1987, 289",Africana1 Dressel20 Beltrán2B pear-shaped Kapitän1 Kapitän2 Almagro 50,Kapitän2,"['Greek Islands', 'The Aegean', 'Western Asia Minor']",['Wine'],"['Benghazi Mid Roman Amphora7', 'Hollow Foot Amphora', 'Kuzmanov7', 'Niederbieber77', 'Ostia6', 'Peacock & Williams47', 'Zeest79']",0,0,0,0,1,0,1,0,0,0,0,1,0,0,0,0,0,0,0,0,0,0,0,0,0,0,1,0,0,0,0,0,0
Terrauzza,,909,37,15.3166666666667,,200,200,ca,4,,,,amphoras,Kapitän1 Kapitän2,ceramic,table pottery,glass,bottle,,,,,,,,1143,,Kapitän1 Kapitän2,Kapitän2,"['Greek Islands', 'The Aegean', 'Western Asia Minor']",['Wine'],"['Benghazi Mid Roman Amphora7', 'Hollow Foot Amphora', 'Kuzmanov7', 'Niederbieber77', 'Ostia6', 'Peacock & Williams47', 'Zeest79']",0,0,0,0,1,0,1,0,0,0,0,1,0,0,0,0,0,0,0,0,0,0,0,0,0,0,1,0,0,0,0,0,0
Turkey,,939,36.9166666666667,27.3333333333333,ca,200,300,?,,,,,amphoras,Kapitän1 Kapitän2,,,,,,,,,,,,1183,,Kapitän1 Kapitän2,Kapitän2,"['Greek Islands', 'The Aegean', 'Western Asia Minor']",['Wine'],"['Benghazi Mid Roman Amphora7', 'Hollow Foot Amphora', 'Kuzmanov7', 'Niederbieber77', 'Ostia6', 'Peacock & Williams47', 'Zeest79']",0,0,0,0,1,0,1,0,0,0,0,1,0,0,0,0,0,0,0,0,0,0,0,0,0,0,1,0,0,0,0,0,0
"Amoladeras, Las",,23,37.7166666666667,-0.7,ca,1,500,,,,,,metal,lead objects,amphoras,Dr1A,ceramic,tiles,"millstones, gold phallic pendant",,,,,,,39,,Dressel1A,Dressel1,"['France', 'Italy', 'North West Europe', 'Spain', 'Western Mediterranean']","['Fish Sauce', 'Wine']",[],0,0,0,1,0,0,0,1,0,0,0,0,0,0,0,0,0,1,0,0,0,1,1,0,0,1,1,0,0,0,0,0,0
Courreaux-de-Groix (France),,238,47.6863,-3.36927,ca,0,0,,,,,,amphoras,Dr1,,,,,,,,No direct evidence. Only one amphora.,,,,340,,Dressel1,Dressel1,"['France', 'Italy', 'North West Europe', 'Spain', 'Western Mediterranean']","['Fish Sauce', 'Wine']",[],0,0,0,1,0,0,0,1,0,0,0,0,0,0,0,0,0,1,0,0,0,1,1,0,0,1,1,0,0,0,0,0,0
Escombreras,,293,37.559207,-0.94051,,,,,,,,,amphoras,Dr1,metal,stamped lead ingots,,,,wood,,,,,,,"J.P. Reyes 1996, 72 n30.",Dressel1,Dressel1,"['France', 'Italy', 'North West Europe', 'Spain', 'Western Mediterranean']","['Fish Sauce', 'Wine']",[],0,0,0,1,0,0,0,1,0,0,0,0,0,0,0,0,0,1,0,0,0,1,1,0,0,1,1,0,0,0,0,0,0
Ardenza,,31,43.5,10.3,,1,100,,11,,,,amphoras,Dr14,,,,,,,,heavily looted; many amphoras; pieces of the ship present,20,10,remains,51,,Dressel14,Dressel14,"['North West Europe', 'Portugal', 'Spain', 'Western Mediterranean']","['Fish Sauce', 'Fish-based products']","['Augst39', 'Beltrán4A', 'Ostia62', 'Peacock & Williams20']",0,0,0,1,0,1,0,1,0,0,0,0,0,0,0,0,0,0,0,0,0,1,0,0,0,1,0,0,0,0,0,1,0
Guardias Viejas,,362,36.7166666666667,-2.88333333333333,,50,125,ca / ?,14,,,,amphoras,Dr7-11 Dr14 Dr 20,ceramic,conical pots,,,,,,,,,,488,,Dressel7-11 Dressel14 Dressel 20,Dressel14,"['North West Europe', 'Portugal', 'Spain', 'Western Mediterranean']","['Fish Sauce', 'Fish-based products']","['Augst39', 'Beltrán4A', 'Ostia62', 'Peacock & Williams20']",0,0,0,1,0,1,0,1,0,0,0,0,0,0,0,0,0,0,0,0,0,1,0,0,0,1,0,0,0,0,0,1,0
"Macchia Tonda, La",,463,41.9833333333333,11.95,ca,50,100,ca / ?,12,,,,amphoras,"Dr14, pear-shaped; flat-bottomed amphora",,,,,,lead anchor stock,,,,,,613,,"Dressel14, pear-shaped; flat-bottomed amphora",Dressel14,"['North West Europe', 'Portugal', 'Spain', 'Western Mediterranean']","['Fish Sauce', 'Fish-based products']","['Augst39', 'Beltrán4A', 'Ostia62', 'Peacock & Williams20']",0,0,0,1,0,1,0,1,0,0,0,0,0,0,0,0,0,0,0,0,0,1,0,0,0,1,0,0,0,0,0,1,0
Pudrimel Norte,,717,42,-0.7,,50,150,ca / ?,,,,,amphoras,Dr14 Beltran2B,,,,,,,,,,,,909,,Dressel14 Beltrán2B,Dressel14,"['North West Europe', 'Portugal', 'Spain', 'Western Mediterranean']","['Fish Sauce', 'Fish-based products']","['Augst39', 'Beltrán4A', 'Ostia62', 'Peacock & Williams20']",0,0,0,1,0,1,0,1,0,0,0,0,0,0,0,0,0,0,0,0,0,1,0,0,0,1,0,0,0,0,0,1,0
Punta Entina,,732,36.75,-2.08333333333333,?,1,150,ca / ?,,,,,amphoras,Dr14,,,,,,,,,,,,937,,Dressel14,Dressel14,"['North West Europe', 'Portugal', 'Spain', 'Western Mediterranean']","['Fish Sauce', 'Fish-based products']","['Augst39', 'Beltrán4A', 'Ostia62', 'Peacock & Williams20']",0,0,0,1,0,1,0,1,0,0,0,0,0,0,0,0,0,0,0,0,0,1,0,0,0,1,0,0,0,0,0,1,0
Arles-Rhône,,35,43.6166666666667,4.66666666666667,,1,100,,10,,1986,,amphoras,Pélichet47,,,,,,,,in the river bed of the Rhone; possibly a wreck,,,,56,,Pélichet47,Gauloise4,"['France', 'North West Europe']",['Wine'],"['Augst12', 'Callender10', 'Niederbieber76', 'Ostia60', 'Peacock & Williams27', 'Pélichet47']",0,0,0,1,0,0,0,0,0,0,0,0,0,0,0,0,0,1,0,0,0,0,0,0,0,0,1,0,0,0,0,0,0
"Laurons 3, Les",Epave III,431,43.2666666666667,5.01666666666667,,300,400,?,2,,,,ceramic,pottery,amphoras,Dr20 and Pelichet47,glass,fragments,coins,"ballast stones, wooden arm of anchor with lead reinforcement collar, rigging items",,,10,4.6,,579,"P. Pomey and L. Long 1988, 23.",Dressel20 and Pélichet47,Gauloise4,"['France', 'North West Europe']",['Wine'],"['Augst12', 'Callender10', 'Niederbieber76', 'Ostia60', 'Peacock & Williams27', 'Pélichet47']",0,0,0,1,0,0,0,0,0,0,0,0,0,0,0,0,0,1,0,0,0,0,0,0,0,0,1,0,0,0,0,0,0
Pianosa 1,,634,42.5666666666667,10.1,,50,100,ca,35,,,,amphoras,Dr2-4 Dr20 Beltran2B Pelichet47/LaubenheimerG4 Dr1A Afr2A,,,,,,,,,,,,812,,Dressel2-4 Dressel20 Beltrán2B Pélichet47/LaubenheimerG4 Dressel1A Africana2A,Gauloise4,"['France', 'North West Europe']",['Wine'],"['Augst12', 'Callender10', 'Niederbieber76', 'Ostia60', 'Peacock & Williams27', 'Pélichet47']",0,0,0,1,0,0,0,0,0,0,0,0,0,0,0,0,0,1,0,0,0,0,0,0,0,0,1,0,0,0,0,0,0
Bagaud 1,,58,43.0166666666667,6.36666666666667,,200,275,ca / ?,15,,,,amphoras,"Kapitän1 and 2, pear-shaped (Dr30), LR spatheiaspatheia",ceramic,including 2 mortaria,metal,lead / lead ore (?),,,,"The array of amphoras probably indicates another, late Roman wreck; for lead possibly from this wreck, see Parker 84",,,,76,,"Kapitän1 and 2, pear-shaped (Dressel30), Late Roman Amphora spatheiaspatheia",Kapitän1,"['Eastern Mediterranean', 'The Aegean']",['Wine'],"['Ostia9', 'Peacock & Williams56']",0,0,0,0,0,0,0,0,1,0,0,1,0,0,0,0,0,0,0,0,0,0,0,0,0,0,1,0,0,0,0,0,0
Datca 3,,251,36.7166666666667,27.4333333333333,ca,275,325,,37,,,,amphoras,Kapitän1 RobinsonK114,,,,,,,,,,,,353,,Kapitän1 RobinsonK114,Kapitän1,"['Eastern Mediterranean', 'The Aegean']",['Wine'],"['Ostia9', 'Peacock & Williams56']",0,0,0,0,0,0,0,0,1,0,0,1,0,0,0,0,0,0,0,0,0,0,0,0,0,0,1,0,0,0,0,0,0
Grado,,350,45.7166666666667,13.3333333333333,ca,150,150,ca,15,,,,amphoras,"Afr1 Kapitän1 Afr2A Tripolitanian horn-handled, Dressel 19, Forlimpopoli A, Cnidia; many with evidence of fish and fish paste",metal,"bronze stands, bronze Neptune, bronze steelyard weight",glass,broken glass in a barrel - waste for recycling;  glass sherds and domestic wares,,"conical sounding lead, barrel? Hydraulic pump",,"lead-sheathing and frames, mortice and tenon, patched; pine, elm, rigging, part of sail; some oil amphoras recycled; at least 600 amphoras, total cargo weight 23-25 tons. Ship had been repaired more than once, and was probably fairly old (Beltrame and Gaddi 2007, 144; 146).",18,5,,464,"R. Auriemma 2000, 27-51; C. Beltrame and D. Gaddi 2005, 79-87; C. Beltrame and D. Gaddi 2007, 138-147.","Africana1 Kapitän1 Africana2A Tripolitanian horn-handled, Dressel 19, Forlimpopoli A, Cnidia; many with evidence of fish and fish paste",Kapitän1,"['Eastern Mediterranean', 'The Aegean']",['Wine'],"['Ostia9', 'Peacock & Williams56']",0,0,0,0,0,0,0,0,1,0,0,1,0,0,0,0,0,0,0,0,0,0,0,0,0,0,1,0,0,0,0,0,0
Marzamemi 1,,503,36.7333333333333,15.1333333333333,,200,250,ca,7,,,,amphoras,Kapitän1 and 2,marble,greyish-white blocks,,,,,,,,,,670,,Kapitän1 and 2,Kapitän1,"['Eastern Mediterranean', 'The Aegean']",['Wine'],"['Ostia9', 'Peacock & Williams56']",0,0,0,0,0,0,0,0,1,0,0,1,0,0,0,0,0,0,0,0,0,0,0,0,0,0,1,0,0,0,0,0,0
Mellieha,,519,35.9666666666667,14.3666666666667,,200,250,ca,9,,,,ceramic,mortaria,glass,vessels,amphoras,Kapitän1,"additional cargo: glass cakes, blue frit, textile fragments, tin-alloy measures; stores: domestic pottery, 2 bronze vessels",ballast,,roof-tiles,,,,691,,Kapitän1,Kapitän1,"['Eastern Mediterranean', 'The Aegean']",['Wine'],"['Ostia9', 'Peacock & Williams56']",0,0,0,0,0,0,0,0,1,0,0,1,0,0,0,0,0,0,0,0,0,0,0,0,0,0,1,0,0,0,0,0,0
Bajo de la Campana 2,,63,37.7333333333333,-0.7,ca,-100,0,,,,,,amphoras,Beltran2B; ovoidal amphora; PE 17,,,,,,,,,,,,84,"J.P. Reyes 1996, 68 n16.",Beltrán2B; ovoidal amphora; Pélichet 17,Beltrán2B,"['North West Europe', 'Spain', 'Western Mediterranean']",[],"['Augst26', 'Augst28', 'Ostia58', 'Peacock & Williams19']",0,0,0,1,0,0,0,1,0,0,0,0,0,0,0,0,0,0,0,0,0,1,0,0,0,0,0,0,0,0,0,0,0
"Chrétienne 2, La",,215,43.4166666666667,6.88333333333333,,50,200,,,,,,amphoras,Beltran2B,,,,,,,,,,,,303,,Beltrán2B,Beltrán2B,"['North West Europe', 'Spain', 'Western Mediterranean']",[],"['Augst26', 'Augst28', 'Ostia58', 'Peacock & Williams19']",0,0,0,1,0,0,0,1,0,0,0,0,0,0,0,0,0,0,0,0,0,1,0,0,0,0,0,0,0,0,0,0,0
Diano Marina 2,,265,43.8833333333333,8.1,ca,0,0,,,,,,amphoras,Beltran2B,,,,,,,,,,,,364,,Beltrán2B,Beltrán2B,"['North West Europe', 'Spain', 'Western Mediterranean']",[],"['Augst26', 'Augst28', 'Ostia58', 'Peacock & Williams19']",0,0,0,1,0,0,0,1,0,0,0,0,0,0,0,0,0,0,0,0,0,1,0,0,0,0,0,0,0,0,0,0,0
Little Russel 1,,450,49.45,-2.53333333333333,,75,200,,12,,,,amphoras,Beltran2B,,,,,,,,,,,,602,,Beltrán2B,Beltrán2B,"['North West Europe', 'Spain', 'Western Mediterranean']",[],"['Augst26', 'Augst28', 'Ostia58', 'Peacock & Williams19']",0,0,0,1,0,0,0,1,0,0,0,0,0,0,0,0,0,0,0,0,0,1,0,0,0,0,0,0,0,0,0,0,0
Triscina 4,,936,37.5666666666667,12.7833333333333,,25,125,ca / ?,,,,,amphoras,Beltran2B,,,,,barrels with iron hoops,,,,,,,1180,,Beltrán2B,Beltrán2B,"['North West Europe', 'Spain', 'Western Mediterranean']",[],"['Augst26', 'Augst28', 'Ostia58', 'Peacock & Williams19']",0,0,0,1,0,0,0,1,0,0,0,0,0,0,0,0,0,0,0,0,0,1,0,0,0,0,0,0,0,0,0,0,0
"Tuna, Sa",,937,41.95,3.21666666666667,ca,100,200,,,,,,amphoras,Beltran2B,,,,,,,,,,,,1182,,Beltrán2B,Beltrán2B,"['North West Europe', 'Spain', 'Western Mediterranean']",[],"['Augst26', 'Augst28', 'Ostia58', 'Peacock & Williams19']",0,0,0,1,0,0,0,1,0,0,0,0,0,0,0,0,0,0,0,0,0,1,0,0,0,0,0,0,0,0,0,0,0
Benicarlo,,74,40.4,0.433333333333333,,1,50,ca / ?,10,,,,amphoras,Haltern70,amphoras,Dr2-4,amphoras,Dr20,,,,"remains of lead sheathing, lead anchor stocks",30,,remains,99,,Haltern70,Haltern70,"['North West Europe', 'Spain', 'Western Mediterranean']","['Defrutum', 'Fish Sauce', 'Olives', 'Wine']","['Augst19', 'Callender9', 'Camulodunum185A', 'Peacock & Williams15', 'Peacock & Williams61']",0,0,0,1,0,0,0,1,0,0,0,0,0,0,0,0,0,0,0,0,0,1,0,1,0,1,1,0,0,0,0,0,1
Bergeggi,,76,44.2166666666667,8.43333333333333,,10,60,ca / ?,30,,,,amphoras,Haltern70,,,,,,,,,20,6,remains,101,,Haltern70,Haltern70,"['North West Europe', 'Spain', 'Western Mediterranean']","['Defrutum', 'Fish Sauce', 'Olives', 'Wine']","['Augst19', 'Callender9', 'Camulodunum185A', 'Peacock & Williams15', 'Peacock & Williams61']",0,0,0,1,0,0,0,1,0,0,0,0,0,0,0,0,0,0,0,0,0,1,0,1,0,1,1,0,0,0,0,0,1
Cap Bénat 3,,134,43.0833333333333,6.36666666666667,,1,50,ca,54,,,,amphoras,Laubenheimer54 Haltern70,,,,,,lead device/water heater,,,,,,174,,Laubenheimer54 Haltern70,Haltern70,"['North West Europe', 'Spain', 'Western Mediterranean']","['Defrutum', 'Fish Sauce', 'Olives', 'Wine']","['Augst19', 'Callender9', 'Camulodunum185A', 'Peacock & Williams15', 'Peacock & Williams61']",0,0,0,1,0,0,0,1,0,0,0,0,0,0,0,0,0,0,0,0,0,1,0,1,0,1,1,0,0,0,0,0,1
Cap Bon 1,,136,37.0833333333333,11.0333333333333,?,1,100,?,,,,,amphoras,Haltern70,,,,,,,,,,,,177,,Haltern70,Haltern70,"['North West Europe', 'Spain', 'Western Mediterranean']","['Defrutum', 'Fish Sauce', 'Olives', 'Wine']","['Augst19', 'Callender9', 'Camulodunum185A', 'Peacock & Williams15', 'Peacock & Williams61']",0,0,0,1,0,0,0,1,0,0,0,0,0,0,0,0,0,0,0,0,0,1,0,1,0,1,1,0,0,0,0,0,1
Capo Testa 1,,183,41.2333333333333,9.13333333333333,ca,1,75,ca / ?,16,,,,amphoras,Haltern70 Dr9,ceramic,brown-glazed dish,metal,2 lead plates,,,,,,,,257,,Haltern70 Dressel9,Haltern70,"['North West Europe', 'Spain', 'Western Mediterranean']","['Defrutum', 'Fish Sauce', 'Olives', 'Wine']","['Augst19', 'Callender9', 'Camulodunum185A', 'Peacock & Williams15', 'Peacock & Williams61']",0,0,0,1,0,0,0,1,0,0,0,0,0,0,0,0,0,0,0,0,0,1,0,1,0,1,1,0,0,0,0,0,1
Chiessi,,214,42.75,10.1,,60,85,ca / ?,50,,,,amphoras,"Beltran2A Dr20 Haltern70; 2 Ibizan amphoras, Dr2-4 amphora",metal,lead ingot,ceramic,"South Gaulish terra sigillata dish, two terra sigillata bowls, terra sigillata chiara A lid and cup",,decorated lead tank,,copper nail,25,12,remains,301,,"Beltrán2A Dressel20 Haltern70; 2 Ibizan amphoras, Dressel2-4 amphora",Haltern70,"['North West Europe', 'Spain', 'Western Mediterranean']","['Defrutum', 'Fish Sauce', 'Olives', 'Wine']","['Augst19', 'Callender9', 'Camulodunum185A', 'Peacock & Williams15', 'Peacock & Williams61']",0,0,0,1,0,0,0,1,0,0,0,0,0,0,0,0,0,0,0,0,0,1,0,1,0,1,1,0,0,0,0,0,1
Isle of Wight,,391,50,0,ca,1,100,,,,,,amphoras,Haltern70,,,,,,,,,,,,521,,Haltern70,Haltern70,"['North West Europe', 'Spain', 'Western Mediterranean']","['Defrutum', 'Fish Sauce', 'Olives', 'Wine']","['Augst19', 'Callender9', 'Camulodunum185A', 'Peacock & Williams15', 'Peacock & Williams61']",0,0,0,1,0,0,0,1,0,0,0,0,0,0,0,0,0,0,0,0,0,1,0,1,0,1,1,0,0,0,0,0,1
Ladispoli 1,,421,41.95,12.05,,1,15,ca,12,,,,amphoras,Dr2-4; Haltern70,dolia,,ceramic,Arretine ware,"lead jar, volute lamps, furniture, wooden box",bilge-pump,,well-preserved hull; McCann et al say 25-100?AD,20,,,565,,Dressel2-4; Haltern70,Haltern70,"['North West Europe', 'Spain', 'Western Mediterranean']","['Defrutum', 'Fish Sauce', 'Olives', 'Wine']","['Augst19', 'Callender9', 'Camulodunum185A', 'Peacock & Williams15', 'Peacock & Williams61']",0,0,0,1,0,0,0,1,0,0,0,0,0,0,0,0,0,0,0,0,0,1,0,1,0,1,1,0,0,0,0,0,1
Lavezzi 1,,435,41.3333333333333,9.25,,25,50,ca / ?,13,,,,amphoras,Dr20 Dr14 Dr7-11 Haltern70,glass,square and round bottles,metal,copper and lead ingots,coarse pottery,,,copper nails from hull,,,,584,,Dressel20 Dressel14 Dressel7-11 Haltern70,Haltern70,"['North West Europe', 'Spain', 'Western Mediterranean']","['Defrutum', 'Fish Sauce', 'Olives', 'Wine']","['Augst19', 'Callender9', 'Camulodunum185A', 'Peacock & Williams15', 'Peacock & Williams61']",0,0,0,1,0,0,0,1,0,0,0,0,0,0,0,0,0,0,0,0,0,1,0,1,0,1,1,0,0,0,0,0,1
"Mortorius, Is",,543,39.1833333333333,9.31666666666667,,30,55,ca / ?,,,,,amphoras,Camulodunum186 Dr7-11 Haltern70 Dr1C,,,,,,,,,,,,722,,Camulodunum186 Dressel7-11 Haltern70 Dressel1C,Haltern70,"['North West Europe', 'Spain', 'Western Mediterranean']","['Defrutum', 'Fish Sauce', 'Olives', 'Wine']","['Augst19', 'Callender9', 'Camulodunum185A', 'Peacock & Williams15', 'Peacock & Williams61']",0,0,0,1,0,0,0,1,0,0,0,0,0,0,0,0,0,0,0,0,0,1,0,1,0,1,1,0,0,0,0,0,1
Palagruza 2,,605,42.3833333333333,16.25,,75,100,?,,,,,amphoras,Beltran2A Haltern70 Dr2-4,ceramic,pottery,ceramic,mortaria,,,,,,15,remains,775,,Beltrán2A Haltern70 Dressel2-4,Haltern70,"['North West Europe', 'Spain', 'Western Mediterranean']","['Defrutum', 'Fish Sauce', 'Olives', 'Wine']","['Augst19', 'Callender9', 'Camulodunum185A', 'Peacock & Williams15', 'Peacock & Williams61']",0,0,0,1,0,0,0,1,0,0,0,0,0,0,0,0,0,0,0,0,0,1,0,1,0,1,1,0,0,0,0,0,1
Ponte d'Oro,,680,42.9333333333333,10.5666666666667,,50,50,ca / ?,,,,,amphoras,Dr2-4 Haltern70 Dr7-11 Camulodonum186 Dr20,,,,,,,,,,,,863,,Dressel2-4 Haltern70 Dressel7-11 Camulodonum186 Dressel20,Haltern70,"['North West Europe', 'Spain', 'Western Mediterranean']","['Defrutum', 'Fish Sauce', 'Olives', 'Wine']","['Augst19', 'Callender9', 'Camulodunum185A', 'Peacock & Williams15', 'Peacock & Williams61']",0,0,0,1,0,0,0,1,0,0,0,0,0,0,0,0,0,0,0,0,0,1,0,1,0,1,1,0,0,0,0,0,1
Port-Vendres 2,,701,42.5166666666667,3.1,,42,50,ca,7,,,,amphoras,Dr20 Haltern70 Dr28 Beltran2A [Pompeii 7],ceramic,red-varnish and fine-wall ware pottery;  terra sigillata vessel,metal,"tin, copper, lead ingots;  tin cup, bronze skillets, plates and pots, 2 strigils","glass bowls, touch stone, lamps, glass, Iltirda bronze coin",3 iron anchors,,"frames of hull, copper nails, lead sheathing, pulley, yard",,,,875,,Dressel20 Haltern70 Dressel28 Beltrán2A [Pompeii 7],Haltern70,"['North West Europe', 'Spain', 'Western Mediterranean']","['Defrutum', 'Fish Sauce', 'Olives', 'Wine']","['Augst19', 'Callender9', 'Camulodunum185A', 'Peacock & Williams15', 'Peacock & Williams61']",0,0,0,1,0,0,0,1,0,0,0,0,0,0,0,0,0,0,0,0,0,1,0,1,0,1,1,0,0,0,0,0,1
Porto Cristo 2,,691,39.5333333333333,3.33333333333333,,25,100,ca / ?,,,,,amphoras,Haltern70 Dr20,,,,,,,,,,,,886,,Haltern70 Dressel20,Haltern70,"['North West Europe', 'Spain', 'Western Mediterranean']","['Defrutum', 'Fish Sauce', 'Olives', 'Wine']","['Augst19', 'Callender9', 'Camulodunum185A', 'Peacock & Williams15', 'Peacock & Williams61']",0,0,0,1,0,0,0,1,0,0,0,0,0,0,0,0,0,0,0,0,0,1,0,1,0,1,1,0,0,0,0,0,1
Sud-Lavezzi 2,,882,41.3,9.25,,10,30,,42,,,,amphoras,Haltern70 Dr7-11 Dr20 Dr28,metal,"copper, lead ingots",ceramic,Arretine pottery,,9 anchors,,,23.8,,or less,1118,,Haltern70 Dressel7-11 Dressel20 Dressel28,Haltern70,"['North West Europe', 'Spain', 'Western Mediterranean']","['Defrutum', 'Fish Sauce', 'Olives', 'Wine']","['Augst19', 'Callender9', 'Camulodunum185A', 'Peacock & Williams15', 'Peacock & Williams61']",0,0,0,1,0,0,0,1,0,0,0,0,0,0,0,0,0,0,0,0,0,1,0,1,0,1,1,0,0,0,0,0,1
Tour Sainte Marie 1,,931,43,9.48333333333333,,30,55,ca,55,,,,amphoras,Dr7-11 Dr12 Beltran2A Haltern70,ceramic,mortarium,tiles,tile fragment,part of schist flagstone,,,,,,,1171,,Dressel7-11 Dressel12 Beltrán2A Haltern70,Haltern70,"['North West Europe', 'Spain', 'Western Mediterranean']","['Defrutum', 'Fish Sauce', 'Olives', 'Wine']","['Augst19', 'Callender9', 'Camulodunum185A', 'Peacock & Williams15', 'Peacock & Williams61']",0,0,0,1,0,0,0,1,0,0,0,0,0,0,0,0,0,0,0,0,0,1,0,1,0,1,1,0,0,0,0,0,1
Cabo de Gata,,94,36.8,-2.03333333333333,,175,325,ca / ?,,,,,amphoras,"Afr1 or possibly, Afr2 Almagro50",,,,,,,,,,,,120,,"Africana1 or possibly, Africana2 Almagro50",Almagro50,"['North West Europe', 'Portugal', 'Spain', 'Western Mediterranean']",['Fish-based products'],"['Almagro50', 'Keay22', 'Lusitana6', 'Ostia7', 'Peacock & Williams22']",0,0,0,1,0,1,0,1,0,0,0,0,0,0,0,0,0,0,0,0,0,1,0,0,0,0,0,0,0,0,0,1,0
Maratea 3,,487,39.95,15.7333333333333,ca,200,400,,,,,,amphoras,Almagro50; large-necked amphora or storage jar,,,,,,,,,,,,649,,Almagro50; large-necked amphora or storage jar,Almagro50,"['North West Europe', 'Portugal', 'Spain', 'Western Mediterranean']",['Fish-based products'],"['Almagro50', 'Keay22', 'Lusitana6', 'Ostia7', 'Peacock & Williams22']",0,0,0,1,0,1,0,1,0,0,0,0,0,0,0,0,0,0,0,0,0,1,0,0,0,0,0,0,0,0,0,1,0
Nora,,561,38.9666666666667,9.01666666666667,ca,300,400,?,,,,,amphoras,Almagro50,,,,,,,,,,,,748,,Almagro50,Almagro50,"['North West Europe', 'Portugal', 'Spain', 'Western Mediterranean']",['Fish-based products'],"['Almagro50', 'Keay22', 'Lusitana6', 'Ostia7', 'Peacock & Williams22']",0,0,0,1,0,1,0,1,0,0,0,0,0,0,0,0,0,0,0,0,0,1,0,0,0,0,0,0,0,0,0,1,0
Randello,,754,36.85,14.45,,300,325,?,3,,,,amphoras,Almagro50,,,,,,3/4 iron anchors,,copper nails,,,,975,,Almagro50,Almagro50,"['North West Europe', 'Portugal', 'Spain', 'Western Mediterranean']",['Fish-based products'],"['Almagro50', 'Keay22', 'Lusitana6', 'Ostia7', 'Peacock & Williams22']",0,0,0,1,0,1,0,1,0,0,0,0,0,0,0,0,0,0,0,0,0,1,0,0,0,0,0,0,0,0,0,1,0
Zirje,,1026,43.6666666666667,15.6666666666667,ca,250,450,ca / ?,,,,,amphoras,Almagro50,,,,,,,,,,,,1252,,Almagro50,Almagro50,"['North West Europe', 'Portugal', 'Spain', 'Western Mediterranean']",['Fish-based products'],"['Almagro50', 'Keay22', 'Lusitana6', 'Ostia7', 'Peacock & Williams22']",0,0,0,1,0,1,0,1,0,0,0,0,0,0,0,0,0,0,0,0,0,1,0,0,0,0,0,0,0,0,0,1,0
Cabrera 1,,97,39.15,2.93333333333333,,300,325,ca / ?,22,,1979,,amphoras,Afr2B-D Almagro51C Beltran72 Almagro50 stamps,ceramic,tiles,,,fish preserves,,,"Afr 2 lined with pitch, contained mackerel skeletons; preserved hull",,,,123,,Africana2B-D Almagro51C Beltrán72 Almagro50 stamps,Beltrán72,"['North West Europe', 'Spain', 'Western Mediterranean']",[],['Petite Lusitanian'],0,0,0,1,0,0,0,1,0,0,0,0,0,0,0,0,0,0,0,0,0,1,0,0,0,0,0,0,0,0,0,0,0
Cap Blanc,,135,39.3666666666667,2.78333333333333,ca,295,325,ca / ?,50,,,,amphoras,Almagro51C Afr2B-D Beltran72,ceramic,"vaulting tube, plate, jar",,,,,,timbers preserved,16,,remains,176,,Almagro51C Africana2B-D Beltrán72,Beltrán72,"['North West Europe', 'Spain', 'Western Mediterranean']",[],['Petite Lusitanian'],0,0,0,1,0,0,0,1,0,0,0,0,0,0,0,0,0,0,0,0,0,1,0,0,0,0,0,0,0,0,0,0,0
Cabrera 3,,98,39.15,2.93333333333333,,255,255,ca,22,,1970,,amphoras,Dr20 Tejarillo1 Dr23 Beltran72 Beltran68 Afr2 Almagro 50 and 51c,coins,closing 253,,,,,,preserved hull,,,,125,"F. Mayet 1987, 289.",Dressel20 Tejarillo1 Dressel23 Beltrán72 Beltrán68 Africana2 Almagro 50 and 51c,Dressel23,"['North West Europe', 'Spain', 'Western Mediterranean']","['Olive Oil', 'Olives']","['Dressel23', 'Keay13A', 'Peacock & Williams26']",0,0,0,1,0,0,0,1,0,0,0,0,0,0,0,0,0,0,0,0,0,1,0,0,0,0,0,0,0,1,0,0,1
"Catalans, Les",,198,43.2833333333333,5.33333333333333,,350,350,ca / ?,41,,,,amphoras,Almagro51A Dr23 cylindrical Beltran72,,,,,,,,bricks of cooking hearth,,,,280,,Almagro51A Dressel23 cylindrical Beltrán72,Dressel23,"['North West Europe', 'Spain', 'Western Mediterranean']","['Olive Oil', 'Olives']","['Dressel23', 'Keay13A', 'Peacock & Williams26']",0,0,0,1,0,0,0,1,0,0,0,0,0,0,0,0,0,0,0,0,0,1,0,0,0,0,0,0,0,1,0,0,1
"Chrétienne 4, La",,216,43.4166666666667,6.88333333333333,,325,375,ca / ?,25,,,,amphoras,"Almagro51C Beltran 72 cylindrical ovoid, Dr23",ceramic,pottery,,,,2 lead anchors,,remains of hull,,,,305,"J.P. Joncheray 1997a, 121-135.","Almagro51C Beltrán 72 cylindrical ovoid, Dressel23",Dressel23,"['North West Europe', 'Spain', 'Western Mediterranean']","['Olive Oil', 'Olives']","['Dressel23', 'Keay13A', 'Peacock & Williams26']",0,0,0,1,0,0,0,1,0,0,0,0,0,0,0,0,0,0,0,0,0,1,0,0,0,0,0,0,0,1,0,0,1
Femmina Morta,,298,36.8,14.4833333333333,,300,325,?,4,,,,amphoras,Afr2B-D Keay3A sim. and 81 Almagro51C Dr23,ceramic,"terra sigillata chiara D cups, dishes, and plates; coarse pottery, vaulting tubes",,,wood combs,,,"keep, frames, planking, and lead sheathing",,,,398,,Africana2B-D Keay3A sim. and 81 Almagro51C Dressel23,Dressel23,"['North West Europe', 'Spain', 'Western Mediterranean']","['Olive Oil', 'Olives']","['Dressel23', 'Keay13A', 'Peacock & Williams26']",0,0,0,1,0,0,0,1,0,0,0,0,0,0,0,0,0,0,0,0,0,1,0,0,0,0,0,0,0,1,0,0,1
Nueva Tabarca (Spain),,564,38.1723,-0.482436,ca,0,0,,3,,,,amphoras,Dr1 Dr2-4 Afr2B-D Almagro51A Dr20 Dr23,,,,,,,,extensive field of amphoras,,,,750,,Dressel1 Dressel2-4 Africana2B-D Almagro51A Dressel20 Dressel23,Dressel23,"['North West Europe', 'Spain', 'Western Mediterranean']","['Olive Oil', 'Olives']","['Dressel23', 'Keay13A', 'Peacock & Williams26']",0,0,0,1,0,0,0,1,0,0,0,0,0,0,0,0,0,0,0,0,0,1,0,0,0,0,0,0,0,1,0,0,1
Pampelonne,,611,43.2166666666667,6.7,,290,325,,63,,,,amphoras,"cylindrical pear-shaped Almagro50 and 51C; Dr23; Beltrán 72; main cargo= Keay 25.1 and Africana 2C. This combination + petrography show they were made in workshop of Sidi Aoun at Nabeul (Neapolis): M. Bonifay, Études sur la céramique romaine tardive d'Afrique, BAR international series 1301 (Oxford, 2004), 453.",metal,lead seals,,,,,,,6.5,3.5,remains,783,"F. Mayet 1987, 289.","cylindrical pear-shaped Almagro50 and 51C; Dressel23; Beltrán 72; main cargo= Keay 25.1 and Africana 2C. This combination + petrography show they were made in workshop of Sidi Aoun at Nabeul (Neapolis): M. Bonifay, Études sur la céramique romaine tardive d'Afrique, BAR international series 1301 (Oxford, 2004), 453.",Dressel23,"['North West Europe', 'Spain', 'Western Mediterranean']","['Olive Oil', 'Olives']","['Dressel23', 'Keay13A', 'Peacock & Williams26']",0,0,0,1,0,0,0,1,0,0,0,0,0,0,0,0,0,0,0,0,0,1,0,0,0,0,0,0,0,1,0,0,1
Sud-Lavezzi 1,,881,41.3,9.25,,375,425,ca / ?,36,,,,amphoras,Almagro51A flat-bottomed Almagro51C Beltran72 Dr23,,,,,,anchors,,timbers,,,,1117,,Almagro51A flat-bottomed Almagro51C Beltrán72 Dressel23,Dressel23,"['North West Europe', 'Spain', 'Western Mediterranean']","['Olive Oil', 'Olives']","['Dressel23', 'Keay13A', 'Peacock & Williams26']",0,0,0,1,0,0,0,1,0,0,0,0,0,0,0,0,0,0,0,0,0,1,0,0,0,0,0,0,0,1,0,0,1
Cabrera 4,,99,39.15,2.95,ca,1,15,ca,,,,,amphoras,Dr7 Dr2-4 stamps,metal,lead ingots,,,,"lead reservoir, lead jar, bronze jug-handle, terracotta tubelet, coarseware jug and jar, stamped Arretine plate 3 bronze helmets, 2 iron anchors3",,cargo probably from Baetica,,,,126,,Dressel7 Dressel2-4 stamps,Dressel7,"['Morocco', 'North West Europe', 'Spain', 'Western Mediterranean']",['Fish Sauce'],"['Augst23A', 'Dressel7-11']",0,0,0,1,0,0,0,1,0,0,0,0,0,1,0,0,0,0,0,0,0,1,0,0,0,1,0,0,0,0,0,0,0
Cala Rossano,,117,40.7833333333333,13.4166666666667,,30,60,ca,3.5,,,,amphoras,"Dr7-11, 20 with inscriptions of mercatores, containing fish paste and wine",ceramic,"coarse pottery, fine-wall ware",metal,"lead sheet (round), lead containers, strainers; iron knife, lead finshing weights, roll of lead sheet, 126 copper nails; tin ingots","small round wood boxes containing styli or hair-pins, handles of ivory and wood, marble basin, chest lock,",,,"wooden pulleys, 3 m of cable, pump discs, lead tubing, bronze nails, fragmentary planking, lead sheathing, bricks",40,15,remains,153,"F.P. Arata 1993,131-151.","Dressel7-11, 20 with inscriptions of mercatores, containing fish paste and wine",Dressel7,"['Morocco', 'North West Europe', 'Spain', 'Western Mediterranean']",['Fish Sauce'],"['Augst23A', 'Dressel7-11']",0,0,0,1,0,0,0,1,0,0,0,0,0,1,0,0,0,0,0,0,0,1,0,0,0,1,0,0,0,0,0,0,0
Columbretes,,230,39.8333333333333,0.666666666666667,,-25,75,ca / ?,35,,,,amphoras,Dr7-11,,,,,,,,,,,,332,,Dressel7-11,Dressel7,"['Morocco', 'North West Europe', 'Spain', 'Western Mediterranean']",['Fish Sauce'],"['Augst23A', 'Dressel7-11']",0,0,0,1,0,0,0,1,0,0,0,0,0,1,0,0,0,0,0,0,0,1,0,0,0,1,0,0,0,0,0,0,0
Diano Marina 1,,264,43.8833333333333,8.1,,50,50,ca,50,,,,amphoras,Dr2-4; Dr7-11,dolia,,ceramic,"coarseware, fine-wall ware, mortarium, Italian terra sigillata, volute lamps,","lead container, glass paste counters, engraved cornelian gem, gold ring with garnet, rooftiles, fishing weights","Dr7-11 amphoras, coarseware, fine-wall ware, mortarium, Italian terra sigillata, volute lamps, lead container, glass paste counters, engraved cornelian gem, gold ring with garnet, rooftiles, fishing weights",,well-preserved hull,25,,remains,364,,Dressel2-4; Dressel7-11,Dressel7,"['Morocco', 'North West Europe', 'Spain', 'Western Mediterranean']",['Fish Sauce'],"['Augst23A', 'Dressel7-11']",0,0,0,1,0,0,0,1,0,0,0,0,0,1,0,0,0,0,0,0,0,1,0,0,0,1,0,0,0,0,0,0,0
"Espines, Los",,294,37.7166666666667,-0.716666666666667,,-25,50,ca / ?,,,,,amphoras,Dr7-11,,,,,,,,,,,,390,,Dressel7-11,Dressel7,"['Morocco', 'North West Europe', 'Spain', 'Western Mediterranean']",['Fish Sauce'],"['Augst23A', 'Dressel7-11']",0,0,0,1,0,0,0,1,0,0,0,0,0,1,0,0,0,0,0,0,0,1,0,0,0,1,0,0,0,0,0,0,0
Gorgona 1,,347,43.4,9.9,,1,100,?,55,,,,amphoras,Dr7-11 Beltran2A,,,,,,,,,,,,461,,Dressel7-11 Beltrán2A,Dressel7,"['Morocco', 'North West Europe', 'Spain', 'Western Mediterranean']",['Fish Sauce'],"['Augst23A', 'Dressel7-11']",0,0,0,1,0,0,0,1,0,0,0,0,0,1,0,0,0,0,0,0,0,1,0,0,0,1,0,0,0,0,0,0,0
Gravisca,,357,42.2166666666667,11.7,,1,100,?,,shallow,,,amphoras,Dr7-11,metal,iron bars,,,,,,200 m from shore,,,,481,,Dressel7-11,Dressel7,"['Morocco', 'North West Europe', 'Spain', 'Western Mediterranean']",['Fish Sauce'],"['Augst23A', 'Dressel7-11']",0,0,0,1,0,0,0,1,0,0,0,0,0,1,0,0,0,0,0,0,0,1,0,0,0,1,0,0,0,0,0,0,0
Little Russel 2,,451,49.45,-2.51666666666667,ca,1,75,ca / ?,50,,,,amphoras,cf. Dr7-11,,,,,,,,,,,,603,,cf. Dressel7-11,Dressel7,"['Morocco', 'North West Europe', 'Spain', 'Western Mediterranean']",['Fish Sauce'],"['Augst23A', 'Dressel7-11']",0,0,0,1,0,0,0,1,0,0,0,0,0,1,0,0,0,0,0,0,0,1,0,0,0,1,0,0,0,0,0,0,0
Marritza,,491,40.85,8.6,,75,125,ca,4,,,,amphoras,Dr2-4 cf Dr7-11,ceramic,"terra sigillata chiara A, black-walled ware saucepan and coarseware",,,,4 iron anchors,,"lead sheathing, large pulley, wooden beam of mast, roof tiles",,,,659,,Dressel2-4 cf Dressel7-11,Dressel7,"['Morocco', 'North West Europe', 'Spain', 'Western Mediterranean']",['Fish Sauce'],"['Augst23A', 'Dressel7-11']",0,0,0,1,0,0,0,1,0,0,0,0,0,1,0,0,0,0,0,0,0,1,0,0,0,1,0,0,0,0,0,0,0
Mateille 2,,513,43.1166666666667,3.11666666666667,,1,100,,4,,,,amphoras,Dr7-11,,,,,,,,fragments of ship preserved,,,,683,,Dressel7-11,Dressel7,"['Morocco', 'North West Europe', 'Spain', 'Western Mediterranean']",['Fish Sauce'],"['Augst23A', 'Dressel7-11']",0,0,0,1,0,0,0,1,0,0,0,0,0,1,0,0,0,0,0,0,0,1,0,0,0,1,0,0,0,0,0,0,0
Percheles,,628,36.6666666666667,-2.75,,1,100,?,12,,,,amphoras,Dr7-11,,,,,,,,,,,,800,,Dressel7-11,Dressel7,"['Morocco', 'North West Europe', 'Spain', 'Western Mediterranean']",['Fish Sauce'],"['Augst23A', 'Dressel7-11']",0,0,0,1,0,0,0,1,0,0,0,0,0,1,0,0,0,0,0,0,0,1,0,0,0,1,0,0,0,0,0,0,0
Pointe Lequin 3,,668,43.0166666666667,6.21666666666667,,50,70,ca / ?,,,,,amphoras,Dr2-4 Dr7-11 Gaulish,ceramic,Arretine pottery,,,,,,Neronian,,,,848,,Dressel2-4 Dressel7-11 Gaulish,Dressel7,"['Morocco', 'North West Europe', 'Spain', 'Western Mediterranean']",['Fish Sauce'],"['Augst23A', 'Dressel7-11']",0,0,0,1,0,0,0,1,0,0,0,0,0,1,0,0,0,0,0,0,0,1,0,0,0,1,0,0,0,0,0,0,0
Punta del Vapor 1,,730,36.7166666666667,3.71666666666667,,1,100,,,,,,amphoras,Dr7-11,,,,,,,,,,,,929,,Dressel7-11,Dressel7,"['Morocco', 'North West Europe', 'Spain', 'Western Mediterranean']",['Fish Sauce'],"['Augst23A', 'Dressel7-11']",0,0,0,1,0,0,0,1,0,0,0,0,0,1,0,0,0,0,0,0,0,1,0,0,0,1,0,0,0,0,0,0,0
Sagunt,,785,39.6666666666667,-0.2,,-25,75,ca / ?,,,,,amphoras,Dr7-11,,,,,,anchor stock,,,,,,998,,Dressel7-11,Dressel7,"['Morocco', 'North West Europe', 'Spain', 'Western Mediterranean']",['Fish Sauce'],"['Augst23A', 'Dressel7-11']",0,0,0,1,0,0,0,1,0,0,0,0,0,1,0,0,0,0,0,0,0,1,0,0,0,1,0,0,0,0,0,0,0
Tanger 2,,894,35.8,5.81666666666667,ca,1,100,?,,,,,amphoras,Dr7-11 Dr38,,,,,,,,,,,,1130,,Dressel7-11 Dressel38,Dressel7,"['Morocco', 'North West Europe', 'Spain', 'Western Mediterranean']",['Fish Sauce'],"['Augst23A', 'Dressel7-11']",0,0,0,1,0,0,0,1,0,0,0,0,0,1,0,0,0,0,0,0,0,1,0,0,0,1,0,0,0,0,0,0,0
Tarragona (Spain),,902,41.1035,1.27943,,0,0,,,,,,amphoras,Dr7-11,,,,,,,,The record is only for a an amphora brought back by a fishing vessel. Coordinates purely symbolic,,,,1135,,Dressel7-11,Dressel7,"['Morocco', 'North West Europe', 'Spain', 'Western Mediterranean']",['Fish Sauce'],"['Augst23A', 'Dressel7-11']",0,0,0,1,0,0,0,1,0,0,0,0,0,1,0,0,0,0,0,0,0,1,0,0,0,1,0,0,0,0,0,0,0
Torre Valdaliga,,928,42.1333333333333,11.7333333333333,,1,20,ca,10,,,,amphoras,Dr2-4 Dr7-11,ceramic,Arretine pottery,,,,lead anchor stock,,,,,,1165,,Dressel2-4 Dressel7-11,Dressel7,"['Morocco', 'North West Europe', 'Spain', 'Western Mediterranean']",['Fish Sauce'],"['Augst23A', 'Dressel7-11']",0,0,0,1,0,0,0,1,0,0,0,0,0,1,0,0,0,0,0,0,0,1,0,0,0,1,0,0,0,0,0,0,0
Vada 4,,953,43.3,10.35,,1,100,,70,,,,amphoras,Dr7-11,,,,,,,,,,,,1202,,Dressel7-11,Dressel7,"['Morocco', 'North West Europe', 'Spain', 'Western Mediterranean']",['Fish Sauce'],"['Augst23A', 'Dressel7-11']",0,0,0,1,0,0,0,1,0,0,0,0,0,1,0,0,0,0,0,0,0,1,0,0,0,1,0,0,0,0,0,0,0
Cabrera 5,,100,39.15,2.91666666666667,,-10,25,ca / ?,42,,,,amphoras,Dr7 Dr9,metal,lead ingots,,,,,,"pieces of  ship, three pieces of lead drainpipes",10,10,remains,127,,Dressel7 Dressel9,Dressel9,"['Spain', 'Western Mediterranean']",['Fish Sauce'],['Augst24'],0,0,0,0,0,0,0,1,0,0,0,0,0,0,0,0,0,0,0,0,0,1,0,0,0,1,0,0,0,0,0,0,0
Gibraltar Strait,,336,35.9666666666667,-5.5,,1,100,?,400,,,,amphoras,Dr9,,,,,,,,,,,,447,,Dressel9,Dressel9,"['Spain', 'Western Mediterranean']",['Fish Sauce'],['Augst24'],0,0,0,0,0,0,0,1,0,0,0,0,0,0,0,0,0,0,0,0,0,1,0,0,0,1,0,0,0,0,0,0,0
Sant Antoni,,814,38.9833333333333,1.25,?,1,50,ca / ?,,,,,amphoras,Dr9,,,,,,,,,,,,1029,,Dressel9,Dressel9,"['Spain', 'Western Mediterranean']",['Fish Sauce'],['Augst24'],0,0,0,0,0,0,0,1,0,0,0,0,0,0,0,0,0,0,0,0,0,1,0,0,0,1,0,0,0,0,0,0,0
Terrasini 1,,908,38.15,13.0833333333333,,25,50,ca / ?,3,,,,amphoras,Dr8 Dr9 Camulodunum186A Haltern 70,metal,copper ingots,marble,bowl,"2 swords, hand mill, axe",,,"wood fragments, copper nails, lead sheathing, tiles",,,,1141,,Dressel8 Dressel9 Camulodunum186A Haltern 70,Dressel9,"['Spain', 'Western Mediterranean']",['Fish Sauce'],['Augst24'],0,0,0,0,0,0,0,1,0,0,0,0,0,0,0,0,0,0,0,0,0,1,0,0,0,1,0,0,0,0,0,0,0
"Toro, El",,916,39.45,2.46666666666667,,1,50,ca,,,,,amphoras,cf Dr9,,,,,,,,,,,,1150,,cf Dressel9,Dressel9,"['Spain', 'Western Mediterranean']",['Fish Sauce'],['Augst24'],0,0,0,0,0,0,0,1,0,0,0,0,0,0,0,0,0,0,0,0,0,1,0,0,0,1,0,0,0,0,0,0,0
Grand Ribaud D/4,,354,43.0166666666667,6.13333333333333,,-9,10,,18,(19),,,amphoras,"Dr2/4 Pascual 1 Dr9, dolia",,,,,,"3 pulleys, wood filoir, rings, vestiges of a deck pump, grapple",,dating based on Arretine ceramic,,,,,"A. Hesnard et al. 1988; P. Pomey and L. Long 1988, 30-32.","Dressel2/4 Pascual 1 Dressel9, dolia",Dressel9,"['Spain', 'Western Mediterranean']",['Fish Sauce'],['Augst24'],0,0,0,0,0,0,0,1,0,0,0,0,0,0,0,0,0,0,0,0,0,1,0,0,0,1,0,0,0,0,0,0,0
Skerki Bank 6 (F),,857,38,11,,50,50,,765,,,,amphoras,"Dr2, Dr 7-11, Dr9, Werff 2, flatbottomed",stone,marble or granite,,,"wheat, beans","bronze, iron anchor, pipes from pump",,,20,5,,,"A.M. McCann and J.P. Oleson 2004, 91-117.","Dressel2, Dressel 7-11, Dressel9, Werff 2, flatbottomed",Dressel9,"['Spain', 'Western Mediterranean']",['Fish Sauce'],['Augst24'],0,0,0,0,0,0,0,1,0,0,0,0,0,0,0,0,0,0,0,0,0,1,0,0,0,1,0,0,0,0,0,0,0
Cádiz 4,,102,36.5166666666667,-6.33333333333333,,-25,25,?,12,,,,amphoras,Dr9 Dr12 Beltran2B,metal,lead ingot,,,,,,,,,,131,,Dressel9 Dressel12 Beltrán2B,Dressel12,"['North West Europe', 'Spain', 'Western Mediterranean']",[],"['Augst22', 'Beltrán3', 'Ostia52', 'Peacock & Williams14']",0,0,0,1,0,0,0,1,0,0,0,0,0,0,0,0,0,0,0,0,0,1,0,0,0,0,0,0,0,0,0,0,0
"Magnons 1, La",,465,43.0666666666667,5.75,,-50,50,ca,30,,,,amphoras,Dr8 Dr12 Dr2-4,,,,,,,,,,,,619,,Dressel8 Dressel12 Dressel2-4,Dressel12,"['North West Europe', 'Spain', 'Western Mediterranean']",[],"['Augst22', 'Beltrán3', 'Ostia52', 'Peacock & Williams14']",0,0,0,1,0,0,0,1,0,0,0,0,0,0,0,0,0,0,0,0,0,1,0,0,0,0,0,0,0,0,0,0,0
Sud-Perduto 1,,884,41.3333333333333,9.3,,-25,25,ca / ?,70,,,,amphoras,Dr12,,,,,,,,,,,,1120,,Dressel12,Dressel12,"['North West Europe', 'Spain', 'Western Mediterranean']",[],"['Augst22', 'Beltrán3', 'Ostia52', 'Peacock & Williams14']",0,0,0,1,0,0,0,1,0,0,0,0,0,0,0,0,0,0,0,0,0,1,0,0,0,0,0,0,0,0,0,0,0
Canarias,,130,26,-16,ca,200,300,?,,,,,amphoras,similar to RobinsonK109 and Almagro51C,,,,,,,,,,,,168,,similar to RobinsonK109 and Almagro51C,Almagro51C,"['North West Europe', 'Portugal']",['Fish Sauce'],"['Keay19', 'Lusitana4', 'Peacock & Williams23']",0,0,0,1,0,1,0,0,0,0,0,0,0,0,0,0,0,0,0,0,0,0,0,0,0,1,0,0,0,0,0,0,0
"Escolletes 1, Los",,291,37.7333333333333,-0.716666666666667,,200,300,?,,,,,amphoras,Almagro51C,ceramic,fine tableware,glass,,,,,,,,,386,,Almagro51C,Almagro51C,"['North West Europe', 'Portugal']",['Fish Sauce'],"['Keay19', 'Lusitana4', 'Peacock & Williams23']",0,0,0,1,0,1,0,0,0,0,0,0,0,0,0,0,0,0,0,0,0,0,0,0,0,1,0,0,0,0,0,0,0
Marzamemi 6,,509,36.7333333333333,15.1333333333333,,275,300,ca / ?,7,,,,amphoras,Almagro50 Almagro51C Afr2B-D,,,,,,,,,,,,675,,Almagro50 Almagro51C Africana2B-D,Almagro51C,"['North West Europe', 'Portugal']",['Fish Sauce'],"['Keay19', 'Lusitana4', 'Peacock & Williams23']",0,0,0,1,0,1,0,0,0,0,0,0,0,0,0,0,0,0,0,0,0,0,0,0,0,1,0,0,0,0,0,0,0
Planier 7,,654,43.1833333333333,5.21666666666667,,300,350,ca / ?,65,,,,amphoras,Afr2C Almagro50 Almagro51C,,,,,,,,,7,8,remains,830,,Africana2C Almagro50 Almagro51C,Almagro51C,"['North West Europe', 'Portugal']",['Fish Sauce'],"['Keay19', 'Lusitana4', 'Peacock & Williams23']",0,0,0,1,0,1,0,0,0,0,0,0,0,0,0,0,0,0,0,0,0,0,0,0,0,1,0,0,0,0,0,0,0
Port-Vendres 1,,700,42.5166666666667,3.1,,400,400,ca,6,,,,amphoras,"Almagro50 Almagro51C; flat-bottomed amphoras, cylindrical amphoras",coins,68 bronze coins ending 383-392 AD,ceramic,pottery,"lamp, pins, brooch, bone flute, gaming dice, counters, fish hook, fishing weight","bone marlinspike, wooden carpenter's rule, needles",,well-preserved hull,20,8,,874,,"Almagro50 Almagro51C; flat-bottomed amphoras, cylindrical amphoras",Almagro51C,"['North West Europe', 'Portugal']",['Fish Sauce'],"['Keay19', 'Lusitana4', 'Peacock & Williams23']",0,0,0,1,0,1,0,0,0,0,0,0,0,0,0,0,0,0,0,0,0,0,0,0,0,1,0,0,0,0,0,0,0
Cape Andreas 2,,150,35.6666666666667,34.5833333333333,,600,700,?,9,,,,amphoras,Riley LR13,glass,vessels,,,,,,tiles from cabin roof,,,,203,,Riley Late Roman Amphora13,Late Roman Amphora1,"['Cyprus', 'Eastern Mediterranean', 'Western Asia Minor']","['Olive Oil', 'Wine']","['Ballana 6', 'Benghazi Late Roman Amphora1', 'British B2', 'Carthage Late Roman Amphora1', 'Keay53', 'Kuzmanov13', 'Peacock & Williams44', 'Scorpan8B']",0,0,1,0,1,0,0,0,1,0,0,0,0,0,0,0,0,0,0,0,0,0,0,0,0,0,1,0,0,1,0,0,0
Cape Andreas 3,,151,35.6666666666667,34.5833333333333,,450,650,ca / ?,10,,,,amphoras,Riley LR1 & 1A,,,,,,,,,,,,204,,Riley Late Roman Amphora1 & 1A,Late Roman Amphora1,"['Cyprus', 'Eastern Mediterranean', 'Western Asia Minor']","['Olive Oil', 'Wine']","['Ballana 6', 'Benghazi Late Roman Amphora1', 'British B2', 'Carthage Late Roman Amphora1', 'Keay53', 'Kuzmanov13', 'Peacock & Williams44', 'Scorpan8B']",0,0,1,0,1,0,0,0,1,0,0,0,0,0,0,0,0,0,0,0,0,0,0,0,0,0,1,0,0,1,0,0,0
Delphinion,,255,38.4833333333333,26.1166666666667,,400,600,?,10,,,,amphoras,"similar to RileyD377, perhaps Riley LR1",,,,,,,,,,,,357,,"similar to RileyD377, perhaps Riley Late Roman Amphora1",Late Roman Amphora1,"['Cyprus', 'Eastern Mediterranean', 'Western Asia Minor']","['Olive Oil', 'Wine']","['Ballana 6', 'Benghazi Late Roman Amphora1', 'British B2', 'Carthage Late Roman Amphora1', 'Keay53', 'Kuzmanov13', 'Peacock & Williams44', 'Scorpan8B']",0,0,1,0,1,0,0,0,1,0,0,0,0,0,0,0,0,0,0,0,0,0,0,0,0,0,1,0,0,1,0,0,0
"Cape Zevgari, Cyprus",,161,34.566881,32.929281,,400,600,ca,6,,,,amphoras,"LR1 (150 necks), local, for oil, with some writings on them indicating measurements for dry goods",,,,,,"lead block pierced twice, similar to ones foud at Dor",,Survey discovery. Likely represents cargo of a small coastal trader,35,15,ca,,"J. Leidwanger 2004, 25-26;  J. Leidwanger 2007, 308-316.","Late Roman Amphora1 (150 necks), local, for oil, with some writings on them indicating measurements for dry goods",Late Roman Amphora1,"['Cyprus', 'Eastern Mediterranean', 'Western Asia Minor']","['Olive Oil', 'Wine']","['Ballana 6', 'Benghazi Late Roman Amphora1', 'British B2', 'Carthage Late Roman Amphora1', 'Keay53', 'Kuzmanov13', 'Peacock & Williams44', 'Scorpan8B']",0,0,1,0,1,0,0,0,1,0,0,0,0,0,0,0,0,0,0,0,0,0,0,0,0,0,1,0,0,1,0,0,0
Tantura Lagoon F,,899,32.6,34.9,,700,750,ca,1,,,,amphoras,"8 some similar to Yassiada (LR1, but one handle)",ceramic,"20 for storage (with fish bone remnants) similar to Cesarea stratum 8, Pella, Jordan, Israeli coast from C7",ceramic,2 juglets similar to ones found at Kellia and Nile delta from C7,,"two anchors, rope, reed, wooden spoon, bone needle; fish bones and food remnants (olive pits from central mountains of Israel).",,"70m offshore. Dating by 14C (wood is tamarix, pinus brutia, pinus nigra; tamarix from mod. Turkey)",12,3.5,ca,,"S. Kampbell 2006, 7-10; O. Barkai and Y. Kahanov 2007, 21-31.","8 some similar to Yassiada (Late Roman Amphora1, but one handle)",Late Roman Amphora1,"['Cyprus', 'Eastern Mediterranean', 'Western Asia Minor']","['Olive Oil', 'Wine']","['Ballana 6', 'Benghazi Late Roman Amphora1', 'British B2', 'Carthage Late Roman Amphora1', 'Keay53', 'Kuzmanov13', 'Peacock & Williams44', 'Scorpan8B']",0,0,1,0,1,0,0,0,1,0,0,0,0,0,0,0,0,0,0,0,0,0,0,0,0,0,1,0,0,1,0,0,0
W-Sinop B,,978,42.196811,34.749803,,300,599,ca,85,,,,amphoras,"LR1 (like Yassiada) and Carrot shaped, Byz  4th-5th c. (particular of Sinop)",,,,,,,,Survey. No dating beyond amphora types.,24,12,ca,,"C. Ward 2001, 15; C. Ward and R.D. Ballard 2004, 2-13.","Late Roman Amphora1 (like Yassiada) and Carrot shaped, Byz  4th-5th c. (particular of Sinop)",Late Roman Amphora1,"['Cyprus', 'Eastern Mediterranean', 'Western Asia Minor']","['Olive Oil', 'Wine']","['Ballana 6', 'Benghazi Late Roman Amphora1', 'British B2', 'Carthage Late Roman Amphora1', 'Keay53', 'Kuzmanov13', 'Peacock & Williams44', 'Scorpan8B']",0,0,1,0,1,0,0,0,1,0,0,0,0,0,0,0,0,0,0,0,0,0,0,0,0,0,1,0,0,1,0,0,0
Marsaskala,,1035,35.8752,14.5679,,475,525,,8,,,,amphoras,mostly LR1,amphoras,large African,ceramic,sigillata,,,,"Homogenous deposit in the port, possibly wrecked cargo or port dump (i.e. not a wreck)",,,,,"A.D. Atauz and J. McManamon 2001, 22-28.",mostly Late Roman Amphora1,Late Roman Amphora1,"['Cyprus', 'Eastern Mediterranean', 'Western Asia Minor']","['Olive Oil', 'Wine']","['Ballana 6', 'Benghazi Late Roman Amphora1', 'British B2', 'Carthage Late Roman Amphora1', 'Keay53', 'Kuzmanov13', 'Peacock & Williams44', 'Scorpan8B']",0,0,1,0,1,0,0,0,1,0,0,0,0,0,0,0,0,0,0,0,0,0,0,0,0,0,1,0,0,1,0,0,0
Cape Kiti 2,,158,34.8,33.6166666666667,,-10,40,ca / ?,,shallow,,,amphoras,Dr6A,,,,,,,,,,,,213,,Dressel6A,Dressel6A,"['Italy', 'North West Europe']",[],['Augst38'],0,0,0,1,0,0,0,0,0,0,0,0,0,0,0,0,0,0,0,0,0,0,1,0,0,0,0,0,0,0,0,0,0
Goica,,343,43.1666666666667,16.4,,-25,50,ca / ?,,,,,amphoras,Dr6A,,,,,,,,,,,,456,,Dressel6A,Dressel6A,"['Italy', 'North West Europe']",[],['Augst38'],0,0,0,1,0,0,0,0,0,0,0,0,0,0,0,0,0,0,0,0,0,0,1,0,0,0,0,0,0,0,0,0,0
Capo Graziano 14,,173,38.55,14.5666666666667,ca,400,400,ca,42,,,,amphoras,Keay61,ceramic,strainer jar,,,,,,,,,,243,,Keay61,Africana2C Grande,"['North Africa', 'Tunisia']",['Fish Sauce'],['Keay6'],1,0,0,0,0,0,0,0,0,0,0,0,0,0,0,0,0,0,1,0,0,0,0,0,0,1,0,0,0,0,0,0,0
Filicudi Porto A,,300,38.55,14.5833333333333,,475,550,ca,40,,,,amphoras,Keay62,amphoras,"Wine (type Beltran-Lloris 59), from modern Tunisia",,,,,,"Bernabo-Brea (cited by Parker 1992) gives late 3rd early 4th C. date (p. 29, 95)",,,,401,,Keay62,Africana2C Grande,"['North Africa', 'Tunisia']",['Fish Sauce'],['Keay6'],1,0,0,0,0,0,0,0,0,0,0,0,0,0,0,0,0,0,1,0,0,0,0,0,0,1,0,0,0,0,0,0,0
"Palud, La",,610,43,6.38333333333333,ca,540,600,,5,,,,amphoras,"Keay62 Keay 55; 2 LR 1, 3fgmts LR 2, 1 LR 4,  1 LR 5",tiles,roof tiles as well,ceramic,coarseware,,,,"frame of hull. Parker spells it La Palu, Long and Volpe identify it as La Palud on isle of Port-Cros. Dated 550-600 according to to Kingsley 2002, 79, citing Long and Volpe 1998, 338-9. Correct ref = 1998, p 339, & they propose ca. 540-560 or ca. 550-600. >90% identified amphora parts are African; 180 identifiable sherds; few eastern amphoras. Total cargo = 150-200 amphoras, each ca 80-90 liters, i.e. total cargo of 120-80 hl;  crew ware: ARS Hayes 78, 88, 104A; fine balance. Keay 55 and 62A produced in Nabeul (Neapolis) region workshops; crew's ware came from nearby workshops at Oudha (ARS 99B) and Sidi Khalifa  (ARS 88). LRA 1, 2, 4, and 5 do not contradict this point of departure, because they are common at Nabeul: M. Bonifay 2004, 453.",,,,782,,"Keay62 Keay 55; 2 Late Roman Amphora 1, 3fgmts Late Roman Amphora 2, 1 Late Roman Amphora 4,  1 Late Roman Amphora 5",Africana2C Grande,"['North Africa', 'Tunisia']",['Fish Sauce'],['Keay6'],1,0,0,0,0,0,0,0,0,0,0,0,0,0,0,0,0,0,1,0,0,0,0,0,0,1,0,0,0,0,0,0,0
Castillo,'El Pecio Castillo',197,37.8,-0.733333333333333,,1,100,,,,,,amphoras,Beltran2A,,,,,,,,,,,,279,,Beltrán2A,Beltrán2A,"['North West Europe', 'Spain', 'Western Mediterranean']",['Fish Sauce'],"['Augst27', 'Augst29', 'Callender6', 'Camulodunum186C', 'Dressel38', 'Peacock & Williams18', 'Pélichet46']",0,0,0,1,0,0,0,1,0,0,0,0,0,0,0,0,0,0,0,0,0,1,0,0,0,1,0,0,0,0,0,0,0
Culip 5,,245,42.3166666666667,3.28333333333333,,50,100,ca / ?,,,,,amphoras,Beltran2A,,,,,,,,,,,,348,,Beltrán2A,Beltrán2A,"['North West Europe', 'Spain', 'Western Mediterranean']",['Fish Sauce'],"['Augst27', 'Augst29', 'Callender6', 'Camulodunum186C', 'Dressel38', 'Peacock & Williams18', 'Pélichet46']",0,0,0,1,0,0,0,1,0,0,0,0,0,0,0,0,0,0,0,0,0,1,0,0,0,1,0,0,0,0,0,0,0
Olib 2,,590,44.3333333333333,14.8,,25,125,ca / ?,,,,,amphoras,Beltran2A,,,,,,,,,,,,761,,Beltrán2A,Beltrán2A,"['North West Europe', 'Spain', 'Western Mediterranean']",['Fish Sauce'],"['Augst27', 'Augst29', 'Callender6', 'Camulodunum186C', 'Dressel38', 'Peacock & Williams18', 'Pélichet46']",0,0,0,1,0,0,0,1,0,0,0,0,0,0,0,0,0,0,0,0,0,1,0,0,0,1,0,0,0,0,0,0,0
"Chrétienne 8, La",,217,43.4166666666667,6.88333333333333,,15,20,ca,58,,,,amphoras,"Dr2-4, Dr9-10, Dr7, Dr43, Dr20 Punic Rhodian amphoras",ceramic,"coarseware jugs, fine-wall vessels",glass,vessels,"2 axes, short sword sheath, cutlass, dagger, roll of lead","pump, 2 anchors",,well-preserved hull,15,5,,307,,"Dressel2-4, Dressel9-10, Dressel7, Dressel43, Dressel20 Punic Rhodian amphoras",Dressel43,"['Crete', 'Eastern Mediterranean', 'Greek Islands']","['Fruit', 'Wine']",['CrÃ©toise4'],0,1,0,0,0,0,1,0,1,0,0,0,0,0,0,0,0,0,0,0,0,0,0,0,1,0,1,0,0,0,0,0,0
Torre Chianca,,919,40.2666666666667,17.8833333333333,,250,250,ca / ?,6,,,,marble,cipollino columns,amphoras,Dr43 derived,,,,,,,,,,1153,,Dressel43 derived,Dressel43,"['Crete', 'Eastern Mediterranean', 'Greek Islands']","['Fruit', 'Wine']",['CrÃ©toise4'],0,1,0,0,0,0,1,0,1,0,0,0,0,0,0,0,0,0,0,0,0,0,0,0,1,0,1,0,0,0,0,0,0
"Chrétienne 9, La",,218,43.4166666666667,6.88333333333333,,1,100,?,53,,,,amphoras,"Dr9-10, apparently Dr26, related to Dr28",,,,,resin,lead pipe,,,5,8,remains,308,"P. Sibella 1997, 228-229.","Dressel9-10, apparently Dressel26, related to Dressel28",Dressel28,"['France', 'North West Europe', 'Spain', 'Western Mediterranean']",['Wine'],"['Augst9', 'Peacock & Williams31']",0,0,0,1,0,0,0,1,0,0,0,0,0,0,0,0,0,1,0,0,0,1,0,0,0,0,1,0,0,0,0,0,0
Lavezzi (Balise),Epave de la Balise de Lavezzi,434,41.3166666666667,9.25,,45,50,ca / ?,15,,,,amphoras,Dr14 Dr2-4 Dr28 miniDr14 Dr20,,,,,,,,,,,,583,,Dressel14 Dressel2-4 Dressel28 miniDressel14 Dressel20,Dressel28,"['France', 'North West Europe', 'Spain', 'Western Mediterranean']",['Wine'],"['Augst9', 'Peacock & Williams31']",0,0,0,1,0,0,0,1,0,0,0,0,0,0,0,0,0,1,0,0,0,1,0,0,0,0,1,0,0,0,0,0,0
San Nicola,,805,37.9333333333333,12.3333333333333,,1,100,,14,,,,amphoras,Dr20 Dr28,,,,,,,,,,,,1021,,Dressel20 Dressel28,Dressel28,"['France', 'North West Europe', 'Spain', 'Western Mediterranean']",['Wine'],"['Augst9', 'Peacock & Williams31']",0,0,0,1,0,0,0,1,0,0,0,0,0,0,0,0,0,1,0,0,0,1,0,0,0,0,1,0,0,0,0,0,0
Tiboulen de Maïre,,912,43.2,5.31666666666667,,100,100,ca,54,,,,amphoras,Dr20 Dr28 Dr14 Beltran2A Beltran 2B Dr2-4 LaubenheimerG4 Pelichet 47,ceramic,coarse pottery,,,,,,"remains of hull, copper keel bolt",,,,1148,,Dressel20 Dressel28 Dressel14 Beltrán2A Beltrán 2B Dressel2-4 LaubenheimerG4 Pélichet 47,Dressel28,"['France', 'North West Europe', 'Spain', 'Western Mediterranean']",['Wine'],"['Augst9', 'Peacock & Williams31']",0,0,0,1,0,0,0,1,0,0,0,0,0,0,0,0,0,1,0,0,0,1,0,0,0,0,1,0,0,0,0,0,0
Plage d'Arles 4,,650,43.1,4.7,,25,50,,660,,,,amphoras,"Dr28, 20, 8, 9, 12; Haltern 70, Punico-ebusitaines 25",,,,,,"anchor stock, 2 lead pipes from deck pump",,From Betica; vestiges of ship wood; dating from Dr20 amphoras; location: several km from Farama,,,,,"P. Pomey and L. Long 1993, 14-15.","Dressel28, 20, 8, 9, 12; Haltern 70, Punico-ebusitaines 25",Dressel28,"['France', 'North West Europe', 'Spain', 'Western Mediterranean']",['Wine'],"['Augst9', 'Peacock & Williams31']",0,0,0,1,0,0,0,1,0,0,0,0,0,0,0,0,0,1,0,0,0,1,0,0,0,0,1,0,0,0,0,0,0
Skerki Bank 7 (G),,858,38,11,,50,50,,760,ca,,,amphoras,"Dr28, Dr2, Dr9, flatbottomed, Werff 3",,,,,"""common wares""","3 lead anchor stocks, pipe, possible pump collecting tank",,,15,,ca - length can be less than 15m,,"http://www.atlantikwall-research-norway.de/Touren_03_2005_S%FCdwall.html ; A.M. McCann and J.P. Oleson 2004, 118-127.","Dressel28, Dressel2, Dressel9, flatbottomed, Werff 3",Dressel28,"['France', 'North West Europe', 'Spain', 'Western Mediterranean']",['Wine'],"['Augst9', 'Peacock & Williams31']",0,0,0,1,0,0,0,1,0,0,0,0,0,0,0,0,0,1,0,0,0,1,0,0,0,0,1,0,0,0,0,0,0
Dhia 1,,261,35.4166666666667,25.2166666666667,ca,1,100,,30,,,,amphoras,Roman-type Rhodian Nubian Coan Dr18 Dr25,,,,,,,,,,,,359,,Roman-type Rhodian Nubian Coan Dressel18 Dressel25,Dressel25,"['Greece', 'Italy', 'North West Europe']",['Unknown'],[],0,0,0,1,0,0,0,0,0,1,0,0,0,0,0,0,0,0,0,0,0,0,1,0,0,0,0,0,0,0,1,0,0
Dramont 6,,281,43.4,6.81666666666667,,400,400,ca,58,,,,amphoras,LR cylindrical Almagro51A Keay52,ceramic,"terra sigillata chiara D dish, terra sigillata lucente dish, coarseware",metal,bronze pitcher,,4 iron anchors,,hull,12,5,,376,,Late Roman Amphora cylindrical Almagro51A Keay52,Keay52,"['Italy', 'North West Europe']",['Wine'],[],0,0,0,1,0,0,0,0,0,0,0,0,0,0,0,0,0,0,0,0,0,0,1,0,0,0,1,0,0,0,0,0,0
Pian di Spille,,633,42.2,11.6666666666667,?,350,500,,,,,,amphoras,Keay25; Keay52,,,,,,,,,,,,811,,Keay25; Keay52,Keay52,"['Italy', 'North West Europe']",['Wine'],[],0,0,0,1,0,0,0,0,0,0,0,0,0,0,0,0,0,0,0,0,0,0,1,0,0,0,1,0,0,0,0,0,0
Dramont 7,,282,43.4,6.81666666666667,,60,70,ca,48,,,,ceramic,sigillata Drag. 18 and Ritt 8,tiles,roof tiles,amphoras,fragment Dr28 or Gauloise2,"jars, cup, lamp, scraper, hammer, axe, harpoon, burin, large ring, iron and bronze nails; terra sigillata cups, coarseware dishes, bowls, and jars",iron anchor,,fragment of keel,11,,,377,,fragment Dressel28 or Gauloise2,Gauloise2,"['France', 'Germany', 'North West Europe']",['Wine'],"['Augst11', 'Bertucchi6']",0,0,0,1,0,0,0,0,0,0,0,0,0,0,0,0,1,1,0,0,0,0,0,0,0,0,1,0,0,0,0,0,0
Gandolfo,,328,36.6833333333333,-2.78333333333333,,90,110,ca,10,,,,amphoras,Dr14 Beltran2A Dr17,,,,,,,,,,,,435,,Dressel14 Beltrán2A Dressel17,Dressel17,"['North West Europe', 'Spain', 'Western Mediterranean']",[],[],0,0,0,1,0,0,0,1,0,0,0,0,0,0,0,0,0,0,0,0,0,1,0,0,0,0,0,0,0,0,0,0,0
Lavezzi 3,,437,41.3166666666667,9.25,,50,100,ca / ?,12,,,,amphoras,Dr14 Dr17 miniDr14 Pascual 1,,,,,,,,1-50 AD according to Mayet,,,,586,"F. Mayet 1987, 289.",Dressel14 Dressel17 miniDressel14 Pascual 1,Dressel17,"['North West Europe', 'Spain', 'Western Mediterranean']",[],[],0,0,0,1,0,0,0,1,0,0,0,0,0,0,0,0,0,0,0,0,0,1,0,0,0,0,0,0,0,0,0,0,0
Heliopolis 1,,373,43.0166666666667,6.41666666666667,,300,400,,38,,,,amphoras,"cylindrical LR3; cf. Keay 25.1, 25.3: homogenous cargo of amphoras produced and loaded at Salakta (Sullechtum): M. Bonifay, Études sur la céramique romaine tardive d'Afrique, BAR international series 1301 (Oxford, 2004), 453",,,,,,,,"keel, 200 m from shore; coin dated 300-310, one 5th C. amphora, 3rd C. wreck (according to Hayes) based on common wares, Joncheray dates to 4th C. like Pointe de la Luque.",14,,,499,"J.P. Joncheray 1997b, 137-164.","cylindrical Late Roman Amphora3; cf. Keay 25.1, 25.3: homogenous cargo of amphoras produced and loaded at Salakta (Sullechtum): M. Bonifay, Études sur la céramique romaine tardive d'Africanaique, BAR international series 1301 (Oxford, 2004), 453",Late Roman Amphora3,"['Eastern Mediterranean', 'Western Asia Minor']",[],"['Ballana13a', 'Benghazi Late Roman Amphora10', 'British B4', 'Carthage Late Roman Amphora3', 'Kuzmanov7', 'Peacock & Williams45', 'Scorpan5', 'Zeest95']",0,0,0,0,1,0,0,0,1,0,0,0,0,0,0,0,0,0,0,0,0,0,0,0,0,0,0,0,0,0,0,0,0
Isis,Skerki,387,38,11.5,ca,375,400,ca,818,,,,amphoras,Keay25 Keay32 cf Keay53 [Keay 35 Tunisian]; Almagro51A,ceramic,cooking pot,coins,Constantius II,"lead, wood, hand-mill, lamp, cooking pot, coin of Constantius II",,,,13.5,5,length ranges from 12.5 to 15,517,"Mark 1997, 208-209; F.D. Hentschel 2004, 10-13.",Keay25 Keay32 cf Keay53 [Keay 35 Tunisian]; Almagro51A,Africana2A Grande,"['Libya', 'North Africa', 'Tunisia']","['Fish Sauce', 'Wine']","['Keay4', 'Keay5']",1,0,0,0,0,0,0,0,0,0,0,0,0,0,1,0,0,0,1,0,0,0,0,0,0,1,1,0,0,0,0,0,0
"Moines, Les (France)",,532,41.46667,8.91667,,0,0,,18,,,,amphoras,Lam2,metal,one ingot,,,,,,,,,,704,,Lamboglia2,Lamboglia2,"['Italy', 'The Balkans']","['Olive Oil', 'Wine']","['Apani1', 'Baldacci1', 'Peacock & Williams8']",0,0,0,0,0,0,0,0,0,0,0,0,0,0,0,0,0,0,0,1,0,0,1,0,0,0,1,0,0,1,0,0,0
Molat,,535,44.2,14.85,ca,-100,100,,,,,,amphoras,Lam2/Dr6,,,,,,,,,,,,707,,Lamboglia2/Dressel6,Lamboglia2,"['Italy', 'The Balkans']","['Olive Oil', 'Wine']","['Apani1', 'Baldacci1', 'Peacock & Williams8']",0,0,0,0,0,0,0,0,0,0,0,0,0,0,0,0,0,0,0,1,0,0,1,0,0,0,1,0,0,1,0,0,0
Premuda 1,,710,44.3166666666667,14.65,?,1,100,?,60,,,,amphoras,Dr6A Lam2,,,,,,,,,,,,901,,Dressel6A Lamboglia2,Lamboglia2,"['Italy', 'The Balkans']","['Olive Oil', 'Wine']","['Apani1', 'Baldacci1', 'Peacock & Williams8']",0,0,0,0,0,0,0,0,0,0,0,0,0,0,0,0,0,0,0,1,0,0,1,0,0,0,1,0,0,1,0,0,0
Punta Patedda,,738,40.6666666666667,17.9166666666667,?,-15,20,ca,,,,,amphoras,Apulian/Lam2,ceramic,"fine-wall pottery beakers, Arretine pottery; unguent flask",metal,"bronze drinking cups, fish hook",ivory gaming die,,,,,,,950,,Apulian/Lamboglia2,Lamboglia2,"['Italy', 'The Balkans']","['Olive Oil', 'Wine']","['Apani1', 'Baldacci1', 'Peacock & Williams8']",0,0,0,0,0,0,0,0,0,0,0,0,0,0,0,0,0,0,0,1,0,0,1,0,0,0,1,0,0,1,0,0,0
Skarda 1,,853,44.2833333333333,14.6833333333333,,-100,100,,,,,,amphoras,Lam2 Dr6,,,,,,,,,,,,1096,,Lamboglia2 Dressel6,Lamboglia2,"['Italy', 'The Balkans']","['Olive Oil', 'Wine']","['Apani1', 'Baldacci1', 'Peacock & Williams8']",0,0,0,0,0,0,0,0,0,0,0,0,0,0,0,0,0,0,0,1,0,0,1,0,0,0,1,0,0,1,0,0,0
Porto Azzurro 2,,687,42.75,10.4,,50,100,ca / ?,,,,,amphoras,Dr10 Dr2-4 TripolitanaI,ceramic,"lamps, Italian and S. Gaulish terra sigillata",coins,coins of Agrippina the elder (37-41),,,,,,,,881,,Dressel10 Dressel2-4 TripolitanaI,Dressel10,"['Spain', 'Western Mediterranean']",['Fish Sauce'],['Augst23B'],0,0,0,0,0,0,0,1,0,0,0,0,0,0,0,0,0,0,0,0,0,1,0,0,0,1,0,0,0,0,0,0,0
Punta Prima,,742,41.8,3.06666666666667,,70,100,ca,18,,,,amphoras,Dr10,ceramic,Drag37 terra sigillata hispanica bowl,,,,2 lead anchor stocks,,,,,,956,,Dressel10,Dressel10,"['Spain', 'Western Mediterranean']",['Fish Sauce'],['Augst23B'],0,0,0,0,0,0,0,1,0,0,0,0,0,0,0,0,0,0,0,0,0,1,0,0,0,1,0,0,0,0,0,0,0
Prasso,,709,38.5166666666667,26.1833333333333,,400,700,,,shallow,,,amphoras,RileyLR2,,,,,,,,,,,,900,,RileyLate Roman Amphora2,Late Roman Amphora2,"['Eastern Mediterranean', 'Greece', 'Greek Islands', 'The Aegean']","['Olive Oil', 'Wine']","['Benghazi Late Roman Amphora2', 'British B1', 'Carthage Late Roman Amphora2', 'Keay65', 'Kuzmanov19', 'Peacock & Williams43', 'Scorpan7A']",0,0,0,0,0,0,1,0,1,1,0,1,0,0,0,0,0,0,0,0,0,0,0,0,0,0,1,0,0,1,0,0,0
Vendicari,,960,36.8,15.1,,375,625,ca,7,,,,amphoras,Riley LR2 spatheion Keay53,,,,,,,,,,,,1211,,Riley Late Roman Amphora2 spatheion Keay53,Late Roman Amphora2,"['Eastern Mediterranean', 'Greece', 'Greek Islands', 'The Aegean']","['Olive Oil', 'Wine']","['Benghazi Late Roman Amphora2', 'British B1', 'Carthage Late Roman Amphora2', 'Keay65', 'Kuzmanov19', 'Peacock & Williams43', 'Scorpan7A']",0,0,0,0,0,0,1,0,1,1,0,1,0,0,0,0,0,0,0,0,0,0,0,0,0,0,1,0,0,1,0,0,0
Yassi Ada 1,,987,36.9833333333333,27.1833333333333,,626,626,ca,39,,,,amphoras,Riley LR1 Riley LR2,ceramic,"bowls, plates, cups, cooking pots, storage jars, pitchers",stone,mortar,"pipette, lamps, weights, steelyards, censer, fishing weights, glass, iron tools, 70 coins",11 iron anchors,,galley with tiled roof,20,5,,1239,"G.F. Bass 1963, 138-156; G.F. Bass 1975; G.F. Bass and F.H. van Doorninck 1982; P. Throckmorton 1987; F.H. van Doorninck Jr. 1997.",Riley Late Roman Amphora1 Riley Late Roman Amphora2,Late Roman Amphora2,"['Eastern Mediterranean', 'Greece', 'Greek Islands', 'The Aegean']","['Olive Oil', 'Wine']","['Benghazi Late Roman Amphora2', 'British B1', 'Carthage Late Roman Amphora2', 'Keay65', 'Kuzmanov19', 'Peacock & Williams43', 'Scorpan7A']",0,0,0,0,0,0,1,0,1,1,0,1,0,0,0,0,0,0,0,0,0,0,0,0,0,0,1,0,0,1,0,0,0
Rovinj,,781,45.0833333333333,13.6166666666667,ca,-50,100,ca / ?,,deep,,,amphoras,similar to Dr6B,,,,,,,,,,,,996,,similar to Dressel6B,Dressel6B,"['Italy', 'North West Europe']",[],['Augst37'],0,0,0,1,0,0,0,0,0,0,0,0,0,0,0,0,0,0,0,0,0,0,1,0,0,0,0,0,0,0,0,0,0
Sud-Perduto 2,,885,41.3333333333333,9.3,,1,15,ca / ?,48,,,,amphoras,Dr7 Dr9 flat-bottomed Dr12 Longarina2 Oberaden83,metal,lead ingots,,,,,,mast step,16,5,remains,1121,,Dressel7 Dressel9 flat-bottomed Dressel12 Longarina2 Oberaden83,Oberaden83,"['North West Europe', 'Spain', 'Western Mediterranean']",['Olive Oil'],"['Dressel25', 'Haltern71', 'Peacock & Williams24']",0,0,0,1,0,0,0,1,0,0,0,0,0,0,0,0,0,0,0,0,0,1,0,0,0,0,0,0,0,1,0,0,0
Sveti Andrija,,889,43.0166666666667,15.75,,1,150,ca / ?,,,,,amphoras,Dr2-4 Richborough527,,,,,,,,,,,,1124,,Dressel2-4 Richborough527,Richborough527,"['Italy', 'North West Europe']",['Alum'],"['Augst42', 'Lipari amphora', 'Peacock & Williams13']",0,0,0,1,0,0,0,0,0,0,0,0,0,0,0,0,0,0,0,0,0,0,1,0,0,0,0,1,0,0,0,0,0
Dor 4 (D),Dor D,269,32.6,34.9,,539,621,,2,,,,amphoras,"LR4, LR5; petrology Palestine between Gaza & Ashkelon",metal,"2 bronze steelyards, pear-shaped counterbalance lead weight sheated in copper, w/ inscription of different owners and christian sign of cross Artemon-Psates of Rhion",stone,cheap stone anchors,gear: LR1  (Paphos kiln?) LR2 ARS Keay 42D; roof tiles from Cyprus; hearth tiles seem to be from Palestine; iron pick,"3 single hole cheap stone anchors, marble ballast stones, iron pick",,"Dating based on 14C on plank and artefacts. 30m from shore.  14 planks remain. Treenails still used despite fact that archaeologists believe they were abandoned after early 7th C. Kingsley 2002; small coaster that had come from western Cyprus (Paphos?) on last voyage, bringing recycled empty amphoras to Palestine stone ballast; only few strakes: estimated size from well-preserved ballast deposit = 15 m: Kingsley 2002, 85.",16,,length can be less than 16,,"K. Raveh and S. Kingsley 1992, 309-315; A.D. de la Presle 1993, 580-589; S. Kinglsey and K. Raveh 1994, 1-12; S. Kinglsey and K. Raveh 1994, 289-295; Y. Kahanov and J.G. Royal 2001, 257-265; S. Kingsley 2002, 6.","Late Roman Amphora4, Late Roman Amphora5; petrology Palestine between Gaza & Ashkelon",Late Roman Amphora5,"['Egypt', 'Jordan', 'North Africa', 'Palestine', 'The Levant']","['Figs', 'Fish Sauce', 'Olive Oil', 'Wine']","['Kellia187', 'Palestinian bag-shaped', 'Peacock & Williams46', 'Pieri1A', 'Pieri2A', 'Pieri3', 'Pieri4A', 'Pieri4B', 'Pieri4D']",1,0,0,0,0,0,0,0,0,0,1,0,1,0,0,1,0,0,0,0,1,0,0,0,0,1,1,0,1,1,0,0,0
Dor Trench IV,,274,32.6,34.9,,500,700,ca,,,,,amphoras,LR5,,,,,,,,"unclear if different from Tantura A: Kingsley 2002, 4",,,,,"S. Wachsmann, Y. Kahanov, and J. Hall 1997, 10; S. Kingsley 2002, 4.",Late Roman Amphora5,Late Roman Amphora5,"['Egypt', 'Jordan', 'North Africa', 'Palestine', 'The Levant']","['Figs', 'Fish Sauce', 'Olive Oil', 'Wine']","['Kellia187', 'Palestinian bag-shaped', 'Peacock & Williams46', 'Pieri1A', 'Pieri2A', 'Pieri3', 'Pieri4A', 'Pieri4B', 'Pieri4D']",1,0,0,0,0,0,0,0,0,0,1,0,1,0,0,1,0,0,0,0,1,0,0,0,0,1,1,0,1,1,0,0,0
Tantura lagoon A (Dor J),Dor J,896,32.609769,34.915778,,500,600,ca,,shallow,,,amphoras,LR5 (Byzantine bag shaped),ceramic,sherds glued to the hull with resin,,,,stone anchor,,"25% hull of small coaster; 14C dates wreck to C6; ballast, keel, post, stakes, frames, nail and bolt attachments, caulking in seams. 7 other shipwrecks, one Roman, another a ?galley, not precisely dated are in the same area. 14C dated according to BAR publication",12,,,,"G. Dahl 1915; S. Wachsmann and K. Raveh 1984, 223-241; E. Stern 1993, 22-31, 76,78; E. Stern 1993, 18-29; E. Stern 1993, 38-49; J.R. Steffy 1994; E. Stern 1994; B.M. Bryant 1995, 18-19; Y. Carmi and D. Segal 1995, 12; W.H. Charlton 1995, 17; Y.Kahanov and S. Breitstein 1995; Y. Kahanov and S. Breitstein 1995, 9-13; P. Sibella 1995, 13-16; P. Sibella 1995, 19-20; S. Wachsmann 1995; S. Wachsmann 1995, 3-20; Y. Kahanov and J.G. Royal 1996, 21-23; S. Wachsmann 1996, 17-21; S. Wachsmann 1996, 19-23; “Field Notes” 1997, 103-109; P. Sibella 1997, 16-18; S. Wachsmann and Y. Kahanov 1997, 3-18;  S. Wachsmann, Y. Kahanov, and J. Hall 1997, 3-15; S. Kampbell 2006, 7-10; S. Kingsley 2002, 4; S. Kingsley 2004, 39.",Late Roman Amphora5 (Byzantine bag shaped),Late Roman Amphora5,"['Egypt', 'Jordan', 'North Africa', 'Palestine', 'The Levant']","['Figs', 'Fish Sauce', 'Olive Oil', 'Wine']","['Kellia187', 'Palestinian bag-shaped', 'Peacock & Williams46', 'Pieri1A', 'Pieri2A', 'Pieri3', 'Pieri4A', 'Pieri4B', 'Pieri4D']",1,0,0,0,0,0,0,0,0,0,1,0,1,0,0,1,0,0,0,0,1,0,0,0,0,1,1,0,1,1,0,0,0
Pisa A,,640,43.7,10.3833333333333,,100,200,,,silted,,,amphoras,"Gaul, Forlimpopoli",,,,,,"crew gear: ARS, coarseware",,last voyage was probably down the Adriatic to Africa and up the coast of Italy,,,,,http://www.navipisa.it,"Gaul, Forlimpopoli",Forlimpopoli,"['Italy', 'North West Europe']","['Fish Sauce', 'Wine']","['Benghazi Mid Roman Amphora13', 'Peacock & Williams42']",0,0,0,1,0,0,0,0,0,0,0,0,0,0,0,0,0,0,0,0,0,0,1,0,0,1,1,0,0,0,0,0,0
